source,captured,original,snapshot_url,cdx_digest,sha256,bytes,cache_path,rows_parsed,rows_in_scope
lambda,20230131002022,https://lambdalabs.com/service/gpu-cloud,https://web.archive.org/web/20230131002022id_/https://lambdalabs.com/service/gpu-cloud,JNZZEVFLV4NAUY7QH6CMKLUEABZTTC32,11f03308a0c82fadb7bf80fd0b0927471236008bb9de90482671af022296b634,88909,backfill/archive/lambda/20230131002022.html.gz,7,7
lambda,20230213070117,https://lambdalabs.com/service/gpu-cloud,https://web.archive.org/web/20230213070117id_/https://lambdalabs.com/service/gpu-cloud,PNM6GZOXDONFLEAPCOTPMCWLZFDBKLYV,747da110e46ef8dd1b64e333134b35e9bb4cad3c3258fc36ac83e71eb33ab3e0,88477,backfill/archive/lambda/20230213070117.html.gz,7,7
lambda,20230227133805,https://lambdalabs.com/service/gpu-cloud,https://web.archive.org/web/20230227133805id_/https://lambdalabs.com/service/gpu-cloud,MT4LBKAVPAD5BEBUACAHF55BSKNUV63A,3e60391a8922349ace60f2534aa8f9eb744e4af9f90caf04f901503294306100,88477,backfill/archive/lambda/20230227133805.html.gz,7,7
lambda,20230315021423,https://lambdalabs.com/service/gpu-cloud/pricing,https://web.archive.org/web/20230315021423id_/https://lambdalabs.com/service/gpu-cloud/pricing,REJMTCQE7B7IJRLEYVEEL4YMWQGQ5ZME,0fe4bb36630ae9e8d37684104aac6dd21ab6badf2422271619af977bd3ac9ece,72696,backfill/archive/lambda/20230315021423.html.gz,7,7
lambda,20230408024507,https://lambdalabs.com/service/gpu-cloud,https://web.archive.org/web/20230408024507id_/https://lambdalabs.com/service/gpu-cloud,GOSXRU6DBKS2J5VDHNMXHCXDGKNH6GTD,6b8b6075e4578e34b60cd119b40b8e113b102ffafe547ee6957a8772164dd214,89026,backfill/archive/lambda/20230408024507.html.gz,7,7
lambda,20230429201034,https://lambdalabs.com/service/gpu-cloud,https://web.archive.org/web/20230429201034id_/https://lambdalabs.com/service/gpu-cloud,3IM5WX4VWLWDHKRMXM6WERBVSUUYX67J,ec347fcce3573da4d891a48c5ad720f8f9ce62204c3e940ec24ed107630246e1,83315,backfill/archive/lambda/20230429201034.html.gz,7,7
lambda,20230502124242,https://lambdalabs.com/service/gpu-cloud/pricing,https://web.archive.org/web/20230502124242id_/https://lambdalabs.com/service/gpu-cloud/pricing,QENU6D6Y5SNI22EEJCMJGK4JKXCEGOMK,5a05f9f63a084f75a22d318addceb772316e97c75bb559e52188c0f26e13cf80,66986,backfill/archive/lambda/20230502124242.html.gz,7,7
lambda,20230512094749,https://lambdalabs.com/service/gpu-cloud,https://web.archive.org/web/20230512094749id_/https://lambdalabs.com/service/gpu-cloud,I4PT72DWRCBPJFT372EIVJSZMBEVHMD6,2f83e5a8d2db6b0983a1fda0f510c12432d280dc648d3e346dbac92450348534,92755,backfill/archive/lambda/20230512094749.html.gz,8,8
lambda,20230703030126,https://lambdalabs.com/service/gpu-cloud,https://web.archive.org/web/20230703030126id_/https://lambdalabs.com/service/gpu-cloud,DRZ773JYBWH4F4I7P4E3RGLUCSPGV75T,21664e48a37ad4712648a6912707cb86e6faf2d036e14ffa2435949a2b215052,107355,backfill/archive/lambda/20230703030126.html.gz,8,8
lambda,20230713233040,https://lambdalabs.com/service/gpu-cloud/pricing,https://web.archive.org/web/20230713233040id_/https://lambdalabs.com/service/gpu-cloud/pricing,X4RPL7MCLNR74LVZYB524CTFCKM2HIRF,dfa443b9683fea000e0ad5d1210e298a746bd28081f59d4ae3b490df33c659c1,73713,backfill/archive/lambda/20230713233040.html.gz,8,8
lambda,20230810060752,https://lambdalabs.com/service/gpu-cloud,https://web.archive.org/web/20230810060752id_/https://lambdalabs.com/service/gpu-cloud,IAWIJUQ55W2JQGB255ZCHHVIVPCWYXP2,6bd97625a7e8c5de788967f9c13e57beeaaf1b7961a878e56b5b1cae268c08a5,108003,backfill/archive/lambda/20230810060752.html.gz,9,9
lambda,20230818204121,https://lambdalabs.com/service/gpu-cloud,https://web.archive.org/web/20230818204121id_/https://lambdalabs.com/service/gpu-cloud,QNXZWAVR7SJ4FIYR6DOJ2KWE5DIRBTRH,0b081dd0a06732f0678f2c5ddb3bde38883a1fabfd03c4d23a84fd7c0deedd29,108003,backfill/archive/lambda/20230818204121.html.gz,9,9
lambda,20230909194011,https://lambdalabs.com/service/gpu-cloud,https://web.archive.org/web/20230909194011id_/https://lambdalabs.com/service/gpu-cloud,KTDT5RAX7DNQIBLWNJNQMQ4FYSNON7MU,27e0366532f00e20f1eff2018851c59d0aaad4f9de881711393081e43faa35bc,108003,backfill/archive/lambda/20230909194011.html.gz,9,9
lambda,20230929182303,https://lambdalabs.com/service/gpu-cloud,https://web.archive.org/web/20230929182303id_/https://lambdalabs.com/service/gpu-cloud,PBAYSYZHZSN6QAEMGG7225XM4CJIUZ3M,d7f9a5772b251f06d83a5181d37e2219766a197a292b034f7c19f30f9fe75e5c,114638,backfill/archive/lambda/20230929182303.html.gz,9,9
lambda,20231002085913,https://lambdalabs.com/service/gpu-cloud,https://web.archive.org/web/20231002085913id_/https://lambdalabs.com/service/gpu-cloud,AOMLIDCDFYISCEO54FTHIXQPESR64MTY,7ea3e39a59d02ee49a1e5fdd18d036a1f0d8c828abd326d4f324ca66f16452f7,114638,backfill/archive/lambda/20231002085913.html.gz,9,9
lambda,20231017121955,https://lambdalabs.com/service/gpu-cloud,https://web.archive.org/web/20231017121955id_/https://lambdalabs.com/service/gpu-cloud,VIE4I63YH7QHEHU33TSQJ3R6WRR2AMA7,0f4e852c6e77af6842e3a726b1a974dfa1f194681b0122c6a7827c7e06373257,114638,backfill/archive/lambda/20231017121955.html.gz,9,9
lambda,20231023204556,https://lambdalabs.com/service/gpu-cloud,https://web.archive.org/web/20231023204556id_/https://lambdalabs.com/service/gpu-cloud,SXBBHF2ATSCDQTRTYMGQSHY6FYUAQNP3,0f4e852c6e77af6842e3a726b1a974dfa1f194681b0122c6a7827c7e06373257,114638,backfill/archive/lambda/20231023204556.html.gz,9,9
lambda,20231102014927,https://lambdalabs.com/service/gpu-cloud,https://web.archive.org/web/20231102014927id_/https://lambdalabs.com/service/gpu-cloud,YQHVWNDNJ5KDDN4BH7DX2OAJO2HT3RPQ,9d7b779c74442eceb3b146712286f5b20799da34321ed3fa44ec59f55ad098b7,114486,backfill/archive/lambda/20231102014927.html.gz,9,9
lambda,20231112055416,https://lambdalabs.com/service/gpu-cloud,https://web.archive.org/web/20231112055416id_/https://lambdalabs.com/service/gpu-cloud,6EJ3XQ6VS675IR6ACNEJBA3YJY7QD3WB,2c117a704a0298cbe76d1f4b049464f7d7cfcaa497fa21b98edaf03e182fe77e,114486,backfill/archive/lambda/20231112055416.html.gz,9,9
lambda,20231127144712,https://lambdalabs.com/service/gpu-cloud,https://web.archive.org/web/20231127144712id_/https://lambdalabs.com/service/gpu-cloud,WBIQNJP7T34U6T5GIJFS6SJ4TITKDGIM,8a910fd23ea9a76ec50121ca2bdd31c8af59c1df11a41d601b8d0f8d568642a1,115758,backfill/archive/lambda/20231127144712.html.gz,10,10
lambda,20231205014654,https://lambdalabs.com/service/gpu-cloud,https://web.archive.org/web/20231205014654id_/https://lambdalabs.com/service/gpu-cloud,NTQXLBP274GUFU7RSLH7MZTM2EK4FEXF,df41b108776de06c33af4f6d1a3e13620835b11e4b1d9191805e88e6a025b6fc,125932,backfill/archive/lambda/20231205014654.html.gz,9,9
lambda,20231226173925,https://lambdalabs.com/service/gpu-cloud,https://web.archive.org/web/20231226173925id_/https://lambdalabs.com/service/gpu-cloud,R6E5LWS7UFUYGAW3YXVAMYP54Q7HQPWF,eef890b35b1cbe693fa0d8bac7b7c3ee417e14f6b815c486fc174de584f75ae8,135536,backfill/archive/lambda/20231226173925.html.gz,9,9
lambda,20240101073433,https://lambdalabs.com/service/gpu-cloud,https://web.archive.org/web/20240101073433id_/https://lambdalabs.com/service/gpu-cloud,R6E5LWS7UFUYGAW3YXVAMYP54Q7HQPWF,eef890b35b1cbe693fa0d8bac7b7c3ee417e14f6b815c486fc174de584f75ae8,135536,backfill/archive/lambda/20240101073433.html.gz,9,9
lambda,20240226155153,https://lambdalabs.com/service/gpu-cloud,https://web.archive.org/web/20240226155153id_/https://lambdalabs.com/service/gpu-cloud,Q54U6H2YU7OXXOHM3CTKO7W5QZC33EVC,00bfb4eed889e943ef1ee66233dc9536fba1a299fd4e1438fff2f053fce6e5d9,136266,backfill/archive/lambda/20240226155153.html.gz,9,9
lambda,20240304172245,https://lambdalabs.com/service/gpu-cloud,https://web.archive.org/web/20240304172245id_/https://lambdalabs.com/service/gpu-cloud,ARGFLZMOTC7UDFZASNKRH6FDKI2YIN2I,90327bdbaf7f0aae39cba5e3e7d80f9633f9df18a1b0785915fc3166c0044d9b,139663,backfill/archive/lambda/20240304172245.html.gz,9,9
lambda,20240324152738,https://lambdalabs.com/service/gpu-cloud,https://web.archive.org/web/20240324152738id_/https://lambdalabs.com/service/gpu-cloud,2Q76NUQDOLSWJ57NM4DPZELI26EQO4ZV,54d29a1e2e853622021f5d70bd0992d5050335bce5febe75cde67311e033888b,139663,backfill/archive/lambda/20240324152738.html.gz,9,9
lambda,20240325124112,https://lambdalabs.com/service/gpu-cloud,https://web.archive.org/web/20240325124112id_/https://lambdalabs.com/service/gpu-cloud,2Q76NUQDOLSWJ57NM4DPZELI26EQO4ZV,54d29a1e2e853622021f5d70bd0992d5050335bce5febe75cde67311e033888b,139663,backfill/archive/lambda/20240325124112.html.gz,9,9
lambda,20240401123621,https://lambdalabs.com/service/gpu-cloud,https://web.archive.org/web/20240401123621id_/https://lambdalabs.com/service/gpu-cloud,STTXCU7KKEJE6HZNRYS4OREVO36RU54C,e7547e2b1bb7b150068ecc6d07d7bf92ab9ca9e35087bee60b750d1876f8230a,139653,backfill/archive/lambda/20240401123621.html.gz,9,9
lambda,20240410154543,https://lambdalabs.com/service/gpu-cloud,https://web.archive.org/web/20240410154543id_/https://lambdalabs.com/service/gpu-cloud,YNCACFMVKFL6XOWGL4VWVB6T6XPHNNFB,ed83a0beca17a28d85a48d3066cde1479a0c6459e9e67ff0c3a54d61302eb7a1,140140,backfill/archive/lambda/20240410154543.html.gz,9,9
lambda,20240419210704,https://lambdalabs.com/service/gpu-cloud,https://web.archive.org/web/20240419210704id_/https://lambdalabs.com/service/gpu-cloud,GOAFEY57FGLQVJUPOKZI4RLFBHKZBJCW,87620658bffec833d052686b99cc94d1056b187128d04da00603512e46209476,137824,backfill/archive/lambda/20240419210704.html.gz,9,9
lambda,20240513150455,https://lambdalabs.com/service/gpu-cloud,https://web.archive.org/web/20240513150455id_/https://lambdalabs.com/service/gpu-cloud,AXEUX53KRD3QJZHEOBGUZNLKCVPOJ2PH,e6525e8f2d93124f9d50327020b7c468358764d11b12e43f5200f7c37079673b,137124,backfill/archive/lambda/20240513150455.html.gz,9,9
lambda,20240522134813,https://lambdalabs.com/service/gpu-cloud,https://web.archive.org/web/20240522134813id_/https://lambdalabs.com/service/gpu-cloud,3LYXDEUZXHW36KVMGIRVKMK3IELBL4TA,cf7f78cd67057627ec6e47b3849cda290221c75e0ec777760179bbb82c449325,137960,backfill/archive/lambda/20240522134813.html.gz,9,9
lambda,20240528205709,https://lambdalabs.com/service/gpu-cloud,https://web.archive.org/web/20240528205709id_/https://lambdalabs.com/service/gpu-cloud,KIN6RMVUNLVV5N6SEHNPMEPWYGT4DJ7M,a3b1a16dcf54e8a76ba6a7adc85767394e2b5beb4af0869511469f549ae7617d,138430,backfill/archive/lambda/20240528205709.html.gz,9,9
lambda,20240711213314,https://lambdalabs.com/service/gpu-cloud,https://web.archive.org/web/20240711213314id_/https://lambdalabs.com/service/gpu-cloud,LZDW7YAFXW2JQM2RC4SE5OYMU763DD67,b28bf788be70d968c6cb8d3ca5271fae6dafc9f099597df5b42bc3847dfd910d,144763,backfill/archive/lambda/20240711213314.html.gz,9,9
lambda,20240716063517,https://lambdalabs.com/service/gpu-cloud,https://web.archive.org/web/20240716063517id_/https://lambdalabs.com/service/gpu-cloud,4LBAKQXCRDXFTTVHQCKEB3WC42QQ37JT,b8e2ba2f4938333429ca7435ce9669f710bd5b0cf4e78d6295ffd91aec16eccd,144763,backfill/archive/lambda/20240716063517.html.gz,9,9
lambda,20240723135909,https://lambdalabs.com/service/gpu-cloud,https://web.archive.org/web/20240723135909id_/https://lambdalabs.com/service/gpu-cloud,SJ5YA3JDPJY6ZLKVSOXIZ2OZTQSVQRAY,afefa4ac2ca4f21e367c0f5bf2e6292438936b1c9a3d467e3560e8469f8d6f0a,144784,backfill/archive/lambda/20240723135909.html.gz,9,9
lambda,20240815145430,https://lambdalabs.com/service/gpu-cloud,https://web.archive.org/web/20240815145430id_/https://lambdalabs.com/service/gpu-cloud,OR7X4AI5FI65EVJ2Q7VY4V6ADS6UVALZ,10d8b802675705262455da813c36e639c11ac5a160641c4e7dc0c76709e1f553,148132,backfill/archive/lambda/20240815145430.html.gz,9,9
lambda,20240823191535,https://lambdalabs.com/service/gpu-cloud,https://web.archive.org/web/20240823191535id_/https://lambdalabs.com/service/gpu-cloud,7H2FBSMAHCVYHT7DVYKJ77BABWIA2LMN,b498a2f2a00259cea9b1e74a946d575d793e8e88dae808ec77d027e7dd818ff1,148606,backfill/archive/lambda/20240823191535.html.gz,9,9
lambda,20240901231348,https://lambdalabs.com/service/gpu-cloud,https://web.archive.org/web/20240901231348id_/https://lambdalabs.com/service/gpu-cloud,RYDPKOWA7XBPQHSBIOGQLKS7LFINI4XT,51ef8adb715f5669667e3494154e29c8dcc255a66788b149ad900bbcc94540fd,148605,backfill/archive/lambda/20240901231348.html.gz,9,9
lambda,20240916060818,https://lambdalabs.com/service/gpu-cloud,https://web.archive.org/web/20240916060818id_/https://lambdalabs.com/service/gpu-cloud,XCANZBSYVOMHUAX5CXPGC62UDVJJVRXE,7719d4855bbf9d03d551f124d8d653a3e14edaaa1b1da7e427f3d7db163689f6,148620,backfill/archive/lambda/20240916060818.html.gz,9,9
lambda,20240924211400,https://lambdalabs.com/service/gpu-cloud,https://web.archive.org/web/20240924211400id_/https://lambdalabs.com/service/gpu-cloud,SM6R6NJQWFX7XNRBQGMMBCWLIVDEMP7B,ac8f7046a8ef30dcf688fba252f9becb82f84b7bd9618013565d40ad46ffaa33,148620,backfill/archive/lambda/20240924211400.html.gz,9,9
lambda,20241007220259,https://lambdalabs.com/service/gpu-cloud,https://web.archive.org/web/20241007220259id_/https://lambdalabs.com/service/gpu-cloud,TELT7JKGZRAWEFR26SVB4VRLMUYSVVN4,9b2463e9a9b016415a62606cefe92c78defd82a268fa3fd4e66b4cb0d425ffdd,150377,backfill/archive/lambda/20241007220259.html.gz,12,12
lambda,20241103180910,https://lambdalabs.com/service/gpu-cloud,https://web.archive.org/web/20241103180910id_/https://lambdalabs.com/service/gpu-cloud,6AERZKF3OB4VWWOHV57XBXVB2AVQWPJP,47f2a30af9c96722402abacc343cd8cb20c55b2ff65eff450fb2a4c3ef9d6d42,93634,backfill/archive/lambda/20241103180910.html.gz,11,11
lambda,20241119072257,https://lambdalabs.com/service/gpu-cloud,https://web.archive.org/web/20241119072257id_/https://lambdalabs.com/service/gpu-cloud,YCV6D33V6P436DQIRG2S2IVIP4KAWDGY,0f0377a78af42fa941ba915086b47c585de4e98adc9af8b89429a8e1ea6ddf63,96738,backfill/archive/lambda/20241119072257.html.gz,11,11
lambda,20241126195121,https://lambdalabs.com/service/gpu-cloud,https://web.archive.org/web/20241126195121id_/https://lambdalabs.com/service/gpu-cloud,CNU2EYNKNYBYADSKTY25DD2YHKA7727O,2f48ddb4c0cf8dae1a014202e01f7f6d314c9c98a79d35531f46e7e0ed10b4eb,96739,backfill/archive/lambda/20241126195121.html.gz,11,11
lambda,20241209101446,https://lambdalabs.com/service/gpu-cloud,https://web.archive.org/web/20241209101446id_/https://lambdalabs.com/service/gpu-cloud,IXKMJ5WV27OAGLW6QSSXTMQFN4SSL5Q4,5589d8006197278e823bbbc18f5fb70ff644e506c07f6d7da2468ccc9bd8ef49,99035,backfill/archive/lambda/20241209101446.html.gz,11,11
lambda,20241229075153,https://lambdalabs.com/service/gpu-cloud,https://web.archive.org/web/20241229075153id_/https://lambdalabs.com/service/gpu-cloud,CTPQRFKCTU5EEX74U76G4HJWLM27AMXJ,6e1af7de9317c3dcb4bbb5b29c9b82d49c8c2ec38ce71eeab1ed17adf688936a,98956,backfill/archive/lambda/20241229075153.html.gz,11,11
lambda,20250101080209,https://lambdalabs.com/service/gpu-cloud,https://web.archive.org/web/20250101080209id_/https://lambdalabs.com/service/gpu-cloud,Z5PGHKLWYKXSJVOG6CNIFX6YWAEV5MPR,04788cdae36937499b15b8f5daeae5e1fb9cdb080c2cdc5d8f421298d783dc46,98956,backfill/archive/lambda/20250101080209.html.gz,11,11
lambda,20250114164332,https://lambdalabs.com/service/gpu-cloud,https://web.archive.org/web/20250114164332id_/https://lambdalabs.com/service/gpu-cloud,BRXXXFCRKF2PWCCHF7HPQM37OJJRYUFJ,21f4d7b6feff91460a229b4bdde1d44fb59a9e717e2c357078607fde397c903b,97991,backfill/archive/lambda/20250114164332.html.gz,11,11
lambda,20250122141004,https://lambdalabs.com/service/gpu-cloud,https://web.archive.org/web/20250122141004id_/https://lambdalabs.com/service/gpu-cloud,RD3BK6IEGCA7ZTL3WBOTLH47RVPOZAOU,bb894a88e4e2e473aacb87b71d22d80dcfd1b292d64e61453066c1bf7ff04b75,97991,backfill/archive/lambda/20250122141004.html.gz,11,11
lambda,20250129004929,https://lambdalabs.com/service/gpu-cloud,https://web.archive.org/web/20250129004929id_/https://lambdalabs.com/service/gpu-cloud,RYVEGABNHCKQ45ELEKLZBV6OA4TYXKDE,775ff955558e8f9d3c09f144f21d366c801b35a5351e7e30ca51f1274df84182,97991,backfill/archive/lambda/20250129004929.html.gz,11,11
lambda,20250215003150,https://lambdalabs.com/service/gpu-cloud,https://web.archive.org/web/20250215003150id_/https://lambdalabs.com/service/gpu-cloud,WPGOBSPUC5WRKFLCZE4ZJG56M7T6QFYL,73a4e2bc621747cf5c717ef95e9d041ca40dabc6bbf8d36d8a159b851ee1b0b6,103772,backfill/archive/lambda/20250215003150.html.gz,11,11
lambda,20250228210058,https://lambdalabs.com/service/gpu-cloud,https://web.archive.org/web/20250228210058id_/https://lambdalabs.com/service/gpu-cloud,Z6KLD2QTR2SPMHQUDECLBTTKL6K7TOHF,3ebcb9ca91fe980b09f8908e5fafbab73b42ea23b0fb0675ace13dd3113ba57e,108337,backfill/archive/lambda/20250228210058.html.gz,11,11
lambda,20250320081441,https://lambdalabs.com/service/gpu-cloud,https://web.archive.org/web/20250320081441id_/https://lambdalabs.com/service/gpu-cloud,2DRB5LFZICVZ5O3R2NZD3WXZUSX2QAAN,7c2a78835d410ff8f8fda2accc4582a10fb115d092be505a07c08e58b00e2987,109574,backfill/archive/lambda/20250320081441.html.gz,11,11
lambda,20250328114330,https://lambda.ai/service/gpu-cloud,https://web.archive.org/web/20250328114330id_/https://lambda.ai/service/gpu-cloud,EOP6X3CETFGQLK4XUJW2HL2ZRI2XZUPG,7f0de1164df4c5c6311532ce44725071222ca75e2c4a1d3034c4d0f22dfd9452,109249,backfill/archive/lambda/20250328114330.html.gz,11,11
lambda,20250407203919,https://lambda.ai/service/gpu-cloud,https://web.archive.org/web/20250407203919id_/https://lambda.ai/service/gpu-cloud,VY55YO2EE5ULMDI253TJY73KR3LAUHVE,3850d13b0b8521ef5d0c0452bb8d8a7b30e060c403fee087142f695b915074d7,109248,backfill/archive/lambda/20250407203919.html.gz,11,11
lambda,20250422193658,https://lambda.ai/service/gpu-cloud,https://web.archive.org/web/20250422193658id_/https://lambda.ai/service/gpu-cloud,LLOJVSERXOSUGTXJW7KEDLECYH5PPSA3,1e76d650acbf526ee12c5746e53be95b489d8158f80e0436aa7ead2750534974,109253,backfill/archive/lambda/20250422193658.html.gz,11,11
lambda,20250604191644,https://lambda.ai/pricing,https://web.archive.org/web/20250604191644id_/https://lambda.ai/pricing,4KODBSA3VZY65FXROAQ4EC4S54L5LK2P,51f279cc6c426f8a4ab28f46a4f299a66d7ca08051c33a78d906eea1b2165a64,165887,backfill/archive/lambda/20250604191644.html.gz,11,11
lambda,20250620171805,https://lambda.ai/pricing,https://web.archive.org/web/20250620171805id_/https://lambda.ai/pricing,QT5HN7NCYEIFQOG23N4UZIMXPBRZU4AI,e3cfdb9e5e28cdcdd210cc6e709949f572634f6c098c1c139285580f80037cc4,165871,backfill/archive/lambda/20250620171805.html.gz,11,11
lambda,20250701222124,https://lambda.ai/service/gpu-cloud,https://web.archive.org/web/20250701222124id_/https://lambda.ai/service/gpu-cloud,U7V2UGLTW4RPGIS4EPHNUXMAN4SANG4Q,2950e8238d7464fa56a4b299cbc2c19f0d20771cf3e122d8201bec80e5652e44,126554,backfill/archive/lambda/20250701222124.html.gz,11,11
lambda,20250712004630,https://lambda.ai/pricing,https://web.archive.org/web/20250712004630id_/https://lambda.ai/pricing,33DOLUYIGJ2C2YJICKRHLUWRS7UA3QI7,47f0294f24af29403c7b00191908112d559c5a06beeb912d98d4b192ed122f61,152886,backfill/archive/lambda/20250712004630.html.gz,11,11
lambda,20250720071744,https://lambda.ai/pricing,https://web.archive.org/web/20250720071744id_/https://lambda.ai/pricing,OXQSBK44F2F2ZIGJKJSEVB2B4UF3IRHW,4848bf9f7cde6346ad2f3c2fbf83ab2d9124fb75255b5efe99bacaec218e4a6a,152886,backfill/archive/lambda/20250720071744.html.gz,11,11
lambda,20250802164952,https://lambda.ai/service/gpu-cloud,https://web.archive.org/web/20250802164952id_/https://lambda.ai/service/gpu-cloud,5UIY234AU2ONXY4P2DQ6HNILTPM2XVCC,862891f658ec8ac618ec9b29ae9b0ae7c7bdfc389675d97a2082ba92fa12ed8d,113509,backfill/archive/lambda/20250802164952.html.gz,11,11
lambda,20250812162642,https://lambda.ai/pricing,https://web.archive.org/web/20250812162642id_/https://lambda.ai/pricing,ROXS5WLXDI4HWFJB3KBXUQJ7I7NAUEWQ,65f8b7a696eed5a5b85996224926f67bab994241a4792879786c1a6f73ae3539,150861,backfill/archive/lambda/20250812162642.html.gz,11,11
lambda,20250823201942,https://lambda.ai/pricing,https://web.archive.org/web/20250823201942id_/https://lambda.ai/pricing,M65C7PDM5Y2KHZOX2OUQGUNEHVIYBCHM,a49516de5c902b7534c031cc4cd0812540d4eb10d9941615eae9c959c2ccce05,151261,backfill/archive/lambda/20250823201942.html.gz,12,12
lambda,20250911191244,https://lambda.ai/pricing,https://web.archive.org/web/20250911191244id_/https://lambda.ai/pricing,FWJNSNIGZNKTE3C6PLAEBXTXEDZFU3NQ,13cfc165c80aebcf3e3af70c53f1e776f2130d509c7b6c780a5047ed6d6ef790,154516,backfill/archive/lambda/20250911191244.html.gz,12,12
lambda,20250917184125,https://lambda.ai/pricing,https://web.archive.org/web/20250917184125id_/https://lambda.ai/pricing,SSVLLAXEOKK7SDCUV7T2ADUZYSQ5UOKV,32f6c478bd1e40ac49bd455bd85a6f77ec01ae46cb9d8ac31bfbb0f34062096c,154516,backfill/archive/lambda/20250917184125.html.gz,12,12
lambda,20250922115056,https://lambda.ai/pricing,https://web.archive.org/web/20250922115056id_/https://lambda.ai/pricing,NRPMR5N66FP42XEHEMOSSVC5XSCBJKEX,dfded46db6164f4f7d495529462c38179ed8554c19311f6487fd8db3b85539ec,154523,backfill/archive/lambda/20250922115056.html.gz,12,12
lambda,20251010223149,https://lambda.ai/pricing,https://web.archive.org/web/20251010223149id_/https://lambda.ai/pricing,FMJPLTU3LVWPT6CN6Y3BMXYNBBPIIEYC,7e9e76f08181c668cc4e5487edd0293e2cd951899ca312b109cac67843269975,153331,backfill/archive/lambda/20251010223149.html.gz,12,12
lambda,20251014105518,https://lambda.ai/pricing,https://web.archive.org/web/20251014105518id_/https://lambda.ai/pricing,FA4IQMYYRCVWDVOHSHIO4NIJVXVGNJPG,2b51b2e6b4fa3be92b892caa6484c3e64c30ac27081517370f68913d897c2d4b,153331,backfill/archive/lambda/20251014105518.html.gz,12,12
lambda,20251022143429,https://lambda.ai/pricing,https://web.archive.org/web/20251022143429id_/https://lambda.ai/pricing,BYUG4PL45NQREVZBAKFXQPNID4FSSCRO,d8b22111dd5c9611164145dc8c6df842788638b03a80b9282fc9b075c6eeea0b,159569,backfill/archive/lambda/20251022143429.html.gz,12,12
lambda,20251027205704,https://lambda.ai/pricing,https://web.archive.org/web/20251027205704id_/https://lambda.ai/pricing,BJL2J76ZB6IGIJFUMWWW3MI365CUKED5,45abf036db7ccc397ff57995626072498f4bf1ce9a833d2147bd7493e08da3e4,159569,backfill/archive/lambda/20251027205704.html.gz,12,12
lambda,20251105190524,https://lambda.ai/pricing,https://web.archive.org/web/20251105190524id_/https://lambda.ai/pricing,JDMUTGC7KNPZRMNAR7VVYSYGYBNUH5TL,ffa68116f72ba277ad690568cb590118b165aff0ca7065c602e1f46f8d2a8820,159672,backfill/archive/lambda/20251105190524.html.gz,12,12
lambda,20251111045753,https://lambda.ai/pricing,https://web.archive.org/web/20251111045753id_/https://lambda.ai/pricing,XUWIVXASDM56ZENH25VW5SNN3QI4TRAX,2c81f4dde98d06cfaad2b67ad70064fcfc5f721f61a1df32c595d91f9da5c6a8,159672,backfill/archive/lambda/20251111045753.html.gz,12,12
lambda,20251205232122,https://lambda.ai/pricing,https://web.archive.org/web/20251205232122id_/https://lambda.ai/pricing,T6R3FGNMRJNL5GA5N2MHW7I4KK26Y3VS,28037437acecd8336df0e7d2d24e48dd1c17915425ee5c237776a3c3548316b6,73329,backfill/archive/lambda/20251205232122.html.gz,12,12
lambda,20251209205428,https://lambda.ai/pricing,https://web.archive.org/web/20251209205428id_/https://lambda.ai/pricing,7VOFYOXKLMEYN2IBFKHVL4MJLUNWPBMW,f55340a553fe3cc2d48de4e26561d3e2bdbe4c67c9b06bdee5d02c3b18fc29d5,72199,backfill/archive/lambda/20251209205428.html.gz,12,12
lambda,20251218032410,https://lambda.ai/pricing,https://web.archive.org/web/20251218032410id_/https://lambda.ai/pricing,2AHNQZAEKFWH73ZRJECGCODJDQJC5U6S,0f2439ca0d1908a6d9a05e295f4602bf229dc54688253cd5b2ca9adddd48224c,72130,backfill/archive/lambda/20251218032410.html.gz,12,12
lambda,20260109103934,https://lambda.ai/pricing,https://web.archive.org/web/20260109103934id_/https://lambda.ai/pricing,P6PMC3RUR6LIXJYV5D7ME2QD6YBNJTX7,b4604c99379c77682d4df976edd4260342e69b6420e17728e44b845f76219f90,74859,backfill/archive/lambda/20260109103934.html.gz,15,15
lambda,20260116211512,https://lambda.ai/pricing,https://web.archive.org/web/20260116211512id_/https://lambda.ai/pricing,QDXKJFVZOWNEARW5TJQ4Q5CPHQZQFKT4,303187edbe183c0bd916f15269520b82beaf2d5268c600f850ec5b584e352d2c,74968,backfill/archive/lambda/20260116211512.html.gz,15,15
lambda,20260121172430,https://lambda.ai/pricing,https://web.archive.org/web/20260121172430id_/https://lambda.ai/pricing,T6DSOC5ZOIL5XJNICJX3NYWL6BPNROCN,e5a2701b436f2a361ae54264ff0a68817f7c26dcd032691076cee77bcbebb5f8,74968,backfill/archive/lambda/20260121172430.html.gz,15,15
lambda,20260127151704,https://lambda.ai/pricing,https://web.archive.org/web/20260127151704id_/https://lambda.ai/pricing,72Q2P72XQPZ3WJCMKQYZD6QG4ELSCENY,371200bcb6f942d955813b7a15d00264503dc4094ab2dbda569c3f81bb162f2f,75057,backfill/archive/lambda/20260127151704.html.gz,15,15
lambda,20260203015539,https://lambda.ai/pricing,https://web.archive.org/web/20260203015539id_/https://lambda.ai/pricing,Q655QA3GFNITGV3P3XN5ILH7VCTC4PTM,9f193ee6248a5ddd0fc343ad06e3a61f3d772ffbdf41f8006e955e731a3f9c96,75057,backfill/archive/lambda/20260203015539.html.gz,15,15
lambda,20260217193017,https://lambda.ai/pricing,https://web.archive.org/web/20260217193017id_/https://lambda.ai/pricing,7S5CIQG6XMAP6F3VLKZBN62XKZBYZITF,29977c05dd62d50216833e5a99e46dc98f497a454ae52f3d9f528e2fc05dc48a,76161,backfill/archive/lambda/20260217193017.html.gz,15,15
lambda,20260224085136,https://lambda.ai/pricing,https://web.archive.org/web/20260224085136id_/https://lambda.ai/pricing,A2DWMUEOKR7BN56ZQI5FVYAPBBHIEFAZ,66ee7b28e02a4ba290353872fc40907f528375aab62e7013d60954702d597987,80770,backfill/archive/lambda/20260224085136.html.gz,15,15
lambda,20260310143253,https://lambda.ai/pricing,https://web.archive.org/web/20260310143253id_/https://lambda.ai/pricing,MFQYNOIMO3DKAG3Y6HV5TB25FYFBXQNG,e025e542576db6056be18bb077ac4d7009d5c4728e988af8366793b01174849e,81247,backfill/archive/lambda/20260310143253.html.gz,15,15
lambda,20260316141830,https://lambda.ai/pricing,https://web.archive.org/web/20260316141830id_/https://lambda.ai/pricing,XDGLQKXAXAL54Q4RO6NZOLAS2OMOLAOL,0f05415e1aaf94bf7eecddb2b54df0fa58eaff5cd7c239c8c204f35d3c564437,84089,backfill/archive/lambda/20260316141830.html.gz,15,15
lambda,20260401163040,https://lambda.ai/pricing,https://web.archive.org/web/20260401163040id_/https://lambda.ai/pricing,U7QN6BC3GWFJQKGSURKSNBN5SBPGZ3FQ,526217cfe78bfbca1a5b0370777d26086ea4e43796266fc3e73f450ba4fd239f,84841,backfill/archive/lambda/20260401163040.html.gz,15,15
lambda,20260410155841,https://lambda.ai/pricing,https://web.archive.org/web/20260410155841id_/https://lambda.ai/pricing,GAI4SVDGGU6KRITALSDWTXHD5WPV4U7M,6ce9aa11a24631cd576ada2b3a79455e2e43dad7a41f1f15f3d47586218e896c,80483,backfill/archive/lambda/20260410155841.html.gz,15,15
lambda,20260516025341,https://lambda.ai/pricing,https://web.archive.org/web/20260516025341id_/https://lambda.ai/pricing,CZOV3I3A7GFGSUPWBEY2H7RFI7Q2GSUB,556c27c6080f9f32f3bf399405b8a5d8ae4e76e29a1f8bec1031cb1ea13a2b21,86318,backfill/archive/lambda/20260516025341.html.gz,15,15
lambda,20260521015840,https://lambda.ai/pricing,https://web.archive.org/web/20260521015840id_/https://lambda.ai/pricing,B646ZRHMOTPTT6FCWLGLC6WJNT3NQYNO,556c27c6080f9f32f3bf399405b8a5d8ae4e76e29a1f8bec1031cb1ea13a2b21,86318,backfill/archive/lambda/20260521015840.html.gz,15,15
lambda,20260527123559,https://lambda.ai/pricing,https://web.archive.org/web/20260527123559id_/https://lambda.ai/pricing,V5EUZU3KH6WI4J2ABE5QODRQ4XMII7IC,58996b2de210cc0d9a443944466f5113b443d80e1e771483c2505a6c479b00cc,85590,backfill/archive/lambda/20260527123559.html.gz,15,15
lambda,20260609001655,https://lambda.ai/pricing,https://web.archive.org/web/20260609001655id_/https://lambda.ai/pricing,BPAZXPDF43T7MQWKD4DUQLCDEYND3K6G,89b02d8190e239f0d7b299123eed5d2e63fc193f2d921b9d84d4f9d278ce31d1,85590,backfill/archive/lambda/20260609001655.html.gz,15,15
lambda,20260624093505,https://lambda.ai/pricing,https://web.archive.org/web/20260624093505id_/https://lambda.ai/pricing,JE2SFUPQNPIRA6NSTJGQEPRJRAYEF6K2,9ffc8a21e64d725f396aa6a0417f0a4e2136245b0f242386967bb4138fac27a3,85870,backfill/archive/lambda/20260624093505.html.gz,15,15
lambda,20260706151751,https://lambda.ai/pricing,https://web.archive.org/web/20260706151751id_/https://lambda.ai/pricing,WL7E5LSY5QDLY26KHEVS2I53XE5D46I4,68353511e34cdd8a9ece8a3feb1e1aef911f91994d87216e2c8b89e24394c344,85870,backfill/archive/lambda/20260706151751.html.gz,15,15
lambda,20260726074631,https://lambda.ai/pricing,https://web.archive.org/web/20260726074631id_/https://lambda.ai/pricing,QOT7JNF7T5GOJJTWFISKJOVZLDGPKEUW,409906fb6df3af5588074fd13da36134ce3267192044c9bebb29d775de84828d,85540,backfill/archive/lambda/20260726074631.html.gz,15,15
lambda,20260727103113,https://lambda.ai/pricing,https://web.archive.org/web/20260727103113id_/https://lambda.ai/pricing,BDFI4ML5BIEX722PICEO4NZZWQOR6JLK,409906fb6df3af5588074fd13da36134ce3267192044c9bebb29d775de84828d,85540,backfill/archive/lambda/20260727103113.html.gz,15,15
lambda,20260804025715,https://lambda.ai/pricing,https://web.archive.org/web/20260804025715id_/https://lambda.ai/pricing,YXCLFMZ7EOOGNG3USLJ3OW2JL6THTQ2Y,02dcc2dffd07c6104f8a56bd50a099871372a1c6a25a3e635c1d84664198cfef,85939,backfill/archive/lambda/20260804025715.html.gz,15,15
lambda,20260810081928,https://lambda.ai/pricing,https://web.archive.org/web/20260810081928id_/https://lambda.ai/pricing,5FX5RDRTFR22JCIZLZPB2HCKPFYJIDDG,b06bf5537638cb2fed5675a6ff91b59b3c72c1c91bf74a1fb597e19b271b8c31,86019,backfill/archive/lambda/20260810081928.html.gz,15,15
lambda,20260819203855,https://lambda.ai/pricing,https://web.archive.org/web/20260819203855id_/https://lambda.ai/pricing,EAFC7OM4OOIFOW3BY4I5NAMJXACDTWEZ,9fbf079b4eaee4193b0519a7598a34cdd2aaa39705e112e002d590f4fbd56b22,86019,backfill/archive/lambda/20260819203855.html.gz,15,15
lambda,20260826203254,https://lambda.ai/pricing,https://web.archive.org/web/20260826203254id_/https://lambda.ai/pricing,RSBXNSOQ5WHLQJMAFJPS6AJQOASCVCSO,540e7e77eaa95809ba3ded6a8b109ce167188e6801a9d67d5cd59540de33727d,86243,backfill/archive/lambda/20260826203254.html.gz,15,15
lambda,20260901102422,https://lambda.ai/pricing,https://web.archive.org/web/20260901102422id_/https://lambda.ai/pricing,CIQFE6D7636QN4IVYNKYD5MDRFBXEOP4,b66a0486be6b808be4babfc6bbf7d5ee9917281e141f2b08e7a1ced19873bda6,85935,backfill/archive/lambda/20260901102422.html.gz,15,15
lambda,20260907065809,https://lambda.ai/pricing,https://web.archive.org/web/20260907065809id_/https://lambda.ai/pricing,WVKBVOHWTDUJ3BZ4M654F44SC73TYWY2,deafe5a2334d9f82a0b4f45b14d9aa9f2fdccdcb235a5f86366769cf3b84f273,85935,backfill/archive/lambda/20260907065809.html.gz,15,15
lambda,20260914111300,https://lambda.ai/pricing,https://web.archive.org/web/20260914111300id_/https://lambda.ai/pricing,JRTINFJCC2GSJGABBXCRP7ISNU7LTM6P,deafe5a2334d9f82a0b4f45b14d9aa9f2fdccdcb235a5f86366769cf3b84f273,85935,backfill/archive/lambda/20260914111300.html.gz,15,15
lambda,20260921070237,https://lambda.ai/pricing,https://web.archive.org/web/20260921070237id_/https://lambda.ai/pricing,OHXDJ4LO6CYOJSAPID7DTEOTSCTKMBHD,e0194f2b14b720e1f333d78e6bf076dd4a1ba6bba5c54b81b1a054c220048198,85935,backfill/archive/lambda/20260921070237.html.gz,15,15
lambda,20260929043450,https://lambda.ai/pricing,https://web.archive.org/web/20260929043450id_/https://lambda.ai/pricing,CG3EUENITB6CJVHAINDUDT4JRV7PULT6,9efbf862bb173223429c991d25ac395cb40491610c0902a933007b183c0322fa,86216,backfill/archive/lambda/20260929043450.html.gz,15,15
runpod,20230227153559,https://www.runpod.io/gpu-instance/pricing,https://web.archive.org/web/20230227153559id_/https://www.runpod.io/gpu-instance/pricing,XDENK5T6WX5OP4BG3SVFLDODYXVK4JEK,12b10f1fe334e75e511a46d39a379c0f7c060475a7ad676d107c9dfe57c46d50,107033,backfill/archive/runpod/20230227153559.html.gz,4,4
runpod,20230429094230,https://www.runpod.io/gpu-instance/pricing,https://web.archive.org/web/20230429094230id_/https://www.runpod.io/gpu-instance/pricing,NPFNDFJATEECT6GUQZGPRKHT4VHRBZU5,1f05ddf39a8974106d953713439cb4cc058a17fac10e1884c9c827290f130c2c,121535,backfill/archive/runpod/20230429094230.html.gz,6,6
runpod,20230824055257,https://www.runpod.io/gpu-instance/pricing,https://web.archive.org/web/20230824055257id_/https://www.runpod.io/gpu-instance/pricing,MH5XQ3YHE5KUDCJFE6BKQJ4K46L4MS3E,04e562461425a6495a85e19f55994045411028bb7b6057c60ed8f319a938b7b6,115603,backfill/archive/runpod/20230824055257.html.gz,15,15
runpod,20230929070808,https://www.runpod.io/gpu-instance/pricing,https://web.archive.org/web/20230929070808id_/https://www.runpod.io/gpu-instance/pricing,AWV2EE6CN4VVLHKSIAQPJLUQSODDHJQU,a9486b81f67f3aa1359b0633f0aa50a74fcc0df2dbf892e11873e823385a7c27,128413,backfill/archive/runpod/20230929070808.html.gz,15,15
runpod,20231027231719,https://www.runpod.io/gpu-instance/pricing,https://web.archive.org/web/20231027231719id_/https://www.runpod.io/gpu-instance/pricing,PZPIR46YNJDC37KITIUOEN5FELBVESDY,e270655f6f794e83bf67b44cc5087f3ac3b8275fa939a2e942f9b04301efb131,136003,backfill/archive/runpod/20231027231719.html.gz,15,15
runpod,20231118071323,https://www.runpod.io/gpu-instance/pricing,https://web.archive.org/web/20231118071323id_/https://www.runpod.io/gpu-instance/pricing,GYWQ2VEIG2DUA6X6YMAAM3N55PFLEHCC,358f806e97d4b0066dc7d9350c0cfcfda34392c843464f028dc147223a7b10d5,132444,backfill/archive/runpod/20231118071323.html.gz,12,12
runpod,20231124070650,https://www.runpod.io/gpu-instance/pricing,https://web.archive.org/web/20231124070650id_/https://www.runpod.io/gpu-instance/pricing,FGZGI2ZQQIW4BEBWAAGGRJBUDYRJN4IB,066d9fb65cb4fc2988148a65b60fad3a1ee7da9b4e8e7adb5b6200b9ebd23b36,140566,backfill/archive/runpod/20231124070650.html.gz,12,12
runpod,20231228125142,https://www.runpod.io/gpu-instance/pricing,https://web.archive.org/web/20231228125142id_/https://www.runpod.io/gpu-instance/pricing,KB63HJVELYLYGSDUQCAJCFPFXQV3DOFC,f4179ede2f0a14385196ac8c08f28ad0a1ae62882a3390cae800f1d825e11648,142509,backfill/archive/runpod/20231228125142.html.gz,12,12
runpod,20240101225009,https://www.runpod.io/gpu-instance/pricing,https://web.archive.org/web/20240101225009id_/https://www.runpod.io/gpu-instance/pricing,BKBHK4UWJ5A25WVAJBVPP57ECQCOJLDX,9da285d603183eeb37365048f79bccde9cbacc559c2a4c3ee0000fa1ab3de746,142505,backfill/archive/runpod/20240101225009.html.gz,12,12
runpod,20240115220939,https://www.runpod.io/gpu-instance/pricing,https://web.archive.org/web/20240115220939id_/https://www.runpod.io/gpu-instance/pricing,6XPH7LTFJ7VAJYNRMM2LJGVGWIX67XNC,21eb1fd6d120bad9de53039ce210f5449f6deb31c06800ded61908f7231d8c9d,138993,backfill/archive/runpod/20240115220939.html.gz,12,12
runpod,20240124233617,https://www.runpod.io/gpu-instance/pricing,https://web.archive.org/web/20240124233617id_/https://www.runpod.io/gpu-instance/pricing,YN5BTK2FP665YQJT45GV52RLIXORTBBZ,302b182e3a861fafd0d38025f18f66355dbd3f94c906761159406383f459ba12,143135,backfill/archive/runpod/20240124233617.html.gz,12,12
runpod,20240309193702,https://www.runpod.io/gpu-instance/pricing,https://web.archive.org/web/20240309193702id_/https://www.runpod.io/gpu-instance/pricing,7DHQEYBRR5KJZ26LRF6S3PRTD63W6447,768e7d7c2e933976ba181fcd9be525265859f86688532c9113a6fb7bde9719c8,147254,backfill/archive/runpod/20240309193702.html.gz,13,13
runpod,20240325122754,https://www.runpod.io/gpu-instance/pricing,https://web.archive.org/web/20240325122754id_/https://www.runpod.io/gpu-instance/pricing,IXDT6A5LENFIWF7CLWSSN4QO56T6DZJP,9a241eba302cdf29c3e2630da04e49f7dedf86191c8dddf7367f8704ccfa1d9c,149139,backfill/archive/runpod/20240325122754.html.gz,13,13
runpod,20240419184216,https://www.runpod.io/gpu-instance/pricing,https://web.archive.org/web/20240419184216id_/https://www.runpod.io/gpu-instance/pricing,6PARCTCWIXUYYKBS77EN3ODRDX26GCSN,35012279cda4314546fca216a95ff900dbcfedc531fcd12883064ff5d62c8745,145145,backfill/archive/runpod/20240419184216.html.gz,12,12
runpod,20240422125612,https://www.runpod.io/gpu-instance/pricing,https://web.archive.org/web/20240422125612id_/https://www.runpod.io/gpu-instance/pricing,IVPC6IN3IP2556HPUBSUN55ZM4NIIYUB,cbcddac3b46f1dfd85f17ca819db6ceaae41996d5195b4ce319457676f5acd82,143404,backfill/archive/runpod/20240422125612.html.gz,12,12
runpod,20240515072705,https://www.runpod.io/gpu-instance/pricing,https://web.archive.org/web/20240515072705id_/https://www.runpod.io/gpu-instance/pricing,RR3USCXLHPUI3ERYNRVO72Y7FQKTZQOJ,67d5190f233ef9d05a9e2cc681c788be657ec2d6c2116a6c8c5a5faa2693ad05,100477,backfill/archive/runpod/20240515072705.html.gz,12,12
runpod,20240530134049,https://www.runpod.io/gpu-instance/pricing,https://web.archive.org/web/20240530134049id_/https://www.runpod.io/gpu-instance/pricing,NLGL6IE4IDMS5CQJUKTLQJU6SRSSNFBN,a02f3e5aaeb620f1b4a62abd6f5aecb50634223b8f372eb9af51e8ecf9096ea1,100461,backfill/archive/runpod/20240530134049.html.gz,12,12
runpod,20240613104312,https://www.runpod.io/gpu-instance/pricing,https://web.archive.org/web/20240613104312id_/https://www.runpod.io/gpu-instance/pricing,UULY7YSISI477SJAU24V2AYSWR6TGUQQ,5f3fd3e69a09ac33be8f953ace6959e3a027c24e945c4a17edf97969d9bd3738,189908,backfill/archive/runpod/20240613104312.html.gz,14,14
runpod,20240621171842,https://www.runpod.io/gpu-instance/pricing,https://web.archive.org/web/20240621171842id_/https://www.runpod.io/gpu-instance/pricing,TRO7XJJ47SVD3C7HU6XMIR6TRLLUCKTI,2cddc3abd15210a04f191dc294136bb774bb00a0d44cf6ae0c620c9846b3d28a,189920,backfill/archive/runpod/20240621171842.html.gz,14,14
runpod,20240727085500,https://www.runpod.io/pricing,https://web.archive.org/web/20240727085500id_/https://www.runpod.io/pricing,WH5O45NRQMD33EW6LE3JVM6VKVRLHUJZ,c391fe8d024786889cad3a885903b984a4338fd5913f0306ea58d477f5c343f1,170763,backfill/archive/runpod/20240727085500.html.gz,20,20
runpod,20240730030300,https://www.runpod.io/pricing,https://web.archive.org/web/20240730030300id_/https://www.runpod.io/pricing,KH37G3M5KHR6OLH4FM3ID4JLHAKZMR2G,9a79406d1dbd80c605ca950034c199c3640ca0108249fa842a2fd54e09469ee4,170775,backfill/archive/runpod/20240730030300.html.gz,20,20
runpod,20240813184416,https://www.runpod.io/pricing,https://web.archive.org/web/20240813184416id_/https://www.runpod.io/pricing,QKCKZUNKCALHXN63GT6Z3VSSE2YN5D62,14ad1dbb1d1390edc7b575d6be3e1bea94dbe38c27cf5d22cb2a513915a04a5b,169815,backfill/archive/runpod/20240813184416.html.gz,20,20
runpod,20240826210947,https://www.runpod.io/pricing,https://web.archive.org/web/20240826210947id_/https://www.runpod.io/pricing,MY3VA4DMEVU2Z2UOYOZWLSILCXRAMGSB,0a37c4c5843d68cd953759e09b74652d98b87a5de79739842fb45caaa5016746,160914,backfill/archive/runpod/20240826210947.html.gz,20,20
runpod,20240912125246,https://www.runpod.io/pricing,https://web.archive.org/web/20240912125246id_/https://www.runpod.io/pricing,XNONFC4NYBPVXI4MM347VQ2UD73WFCGJ,96d953b255a1aeae5338a5a0716aaefac17aaf2130556717ec4199b99cec16ef,162042,backfill/archive/runpod/20240912125246.html.gz,20,20
runpod,20240925012453,https://www.runpod.io/pricing,https://web.archive.org/web/20240925012453id_/https://www.runpod.io/pricing,7VXMA3GGIYCKJO7DU5SHQZNOD3HVZIHY,165cde2b10b372d5b13654f83ba1d611894015538d5b9f3189c9f14b90aa1529,162402,backfill/archive/runpod/20240925012453.html.gz,20,20
runpod,20241007102221,https://www.runpod.io/pricing,https://web.archive.org/web/20241007102221id_/https://www.runpod.io/pricing,6GJTDG76Y7ENZNC6R2LBIXDMDRZ4ZBQE,004b71fe665b325791edfaf24f78395f128376f66379b9f1e1b20f6a2209e449,161211,backfill/archive/runpod/20241007102221.html.gz,20,20
runpod,20241106084030,https://www.runpod.io/pricing,https://web.archive.org/web/20241106084030id_/https://www.runpod.io/pricing,72MCDR7S3TS3DTTGQYYIXYI3TDTPKWSY,5bd198f8c81d527ff35e81bc518620cc109f7c561df179ecf05e547dbe47f536,168880,backfill/archive/runpod/20241106084030.html.gz,22,22
runpod,20241117220558,https://www.runpod.io/pricing,https://web.archive.org/web/20241117220558id_/https://www.runpod.io/pricing,X27HIFBHRD6RIVOSMXHFNY3MGPNAVWTM,45005fbf7f953474eecaf5e8ef384bb6c57986b3ef74c062875c65f69a832f66,167710,backfill/archive/runpod/20241117220558.html.gz,22,22
runpod,20241119024117,https://www.runpod.io/pricing,https://web.archive.org/web/20241119024117id_/https://www.runpod.io/pricing,443MYN77XPPDXNYRD7GYHQD6GTCDEDQV,a38a8aa05ee5e3f611e3e7e4d7ed3d70a031a4af3b79d138b76f12999383ae15,168178,backfill/archive/runpod/20241119024117.html.gz,22,22
runpod,20241125224447,https://www.runpod.io/pricing,https://web.archive.org/web/20241125224447id_/https://www.runpod.io/pricing,PBVJTT3FX5KSUAGETMBXQSI2GB7BYN4S,b76a00c40494dd1d361edf680eeae942fe9d1792a6589e0cfefbe2524825828d,168892,backfill/archive/runpod/20241125224447.html.gz,22,22
runpod,20241214061631,https://www.runpod.io/pricing,https://web.archive.org/web/20241214061631id_/https://www.runpod.io/pricing,BNQPYV6WLWTA4SPCVR2GUVCTAVXBSWCE,1fe15ca64e229a85a454cbbc15290d648ff67f2b1fdf4ec2eecc8d0509e36923,168358,backfill/archive/runpod/20241214061631.html.gz,22,22
runpod,20241217203502,https://www.runpod.io/pricing,https://web.archive.org/web/20241217203502id_/https://www.runpod.io/pricing,5ZSS56DOV2PNKEGAOX542UJNVENHNDTS,49144936964b57f138012c43773741d5195fb89875d95d2599e9830ebe326721,168350,backfill/archive/runpod/20241217203502.html.gz,22,22
runpod,20241225093854,https://www.runpod.io/pricing,https://web.archive.org/web/20241225093854id_/https://www.runpod.io/pricing,R55IL3ZMZZAD5XEWPCFLWYKARSPKXOTE,3d4665b3e8cf145574458a38ff3ee939a923696d13eebb3f0e0a56eadc597c0c,168363,backfill/archive/runpod/20241225093854.html.gz,22,22
runpod,20250124061058,https://www.runpod.io/pricing,https://web.archive.org/web/20250124061058id_/https://www.runpod.io/pricing,TKBXXSCLWSZGS7LDQP3P6KZDQSYUWZFA,150f8be2293acfcdbdb166c7f4be3ad6afe401e9db19aef5bd0e1bf7f2ed261f,168155,backfill/archive/runpod/20250124061058.html.gz,22,22
runpod,20250128225209,https://www.runpod.io/pricing,https://web.archive.org/web/20250128225209id_/https://www.runpod.io/pricing,NZRS7XYIG4KAZJVD2CCFIAOE7OTSQXSA,16e599cd65dc1fe9414facdd3afa7df40083f1c1a5ee46e6ba644edde10eb411,168892,backfill/archive/runpod/20250128225209.html.gz,22,22
runpod,20250203222908,https://www.runpod.io/pricing,https://web.archive.org/web/20250203222908id_/https://www.runpod.io/pricing,WJYCXFFKE6LDWQLLXYSN4MJX4DIOQHBP,630fb24e09b15715d3796f0281dde340797fa557b2ede6dd5993d1dfb1b03228,168934,backfill/archive/runpod/20250203222908.html.gz,22,22
runpod,20250227113415,https://www.runpod.io/pricing,https://web.archive.org/web/20250227113415id_/https://www.runpod.io/pricing,SSN34GXL4KIFDC2WEPK4TLGQ5J3TBBJS,377bcae12da9ff384735ceb319bc5e54239df3f1d49853b9bbe215d4b91beca3,167588,backfill/archive/runpod/20250227113415.html.gz,22,22
runpod,20250303172225,https://www.runpod.io/pricing,https://web.archive.org/web/20250303172225id_/https://www.runpod.io/pricing,7JO6WCTXMDMGVC5A6UDVWXUFTE6LIVU3,78a089f545c21f27ba10a24f26bee58b1b96d827ab1005e3fc05cbf3e161fafb,167722,backfill/archive/runpod/20250303172225.html.gz,22,22
runpod,20250417132655,https://www.runpod.io/pricing,https://web.archive.org/web/20250417132655id_/https://www.runpod.io/pricing,22K7CDYXG7M32PU5BOD233WKO4SOIO42,dd94bf6960b65778cd95118f6a856a680cd6f58dae4f5a3e3303abe0a2b42a42,169570,backfill/archive/runpod/20250417132655.html.gz,24,24
runpod,20250424081715,https://www.runpod.io/pricing,https://web.archive.org/web/20250424081715id_/https://www.runpod.io/pricing,S2CPEFTZI3YQK4OOTL5M4CBAN4Q6SEVS,04ba751f72f92c63c6c556f5a93df5c18c159c32431558a550c200660d3aa83d,169543,backfill/archive/runpod/20250424081715.html.gz,24,24
runpod,20250502180710,https://www.runpod.io/pricing,https://web.archive.org/web/20250502180710id_/https://www.runpod.io/pricing,MKIFDZEHHHYGRY45I3QOXNPDRPCU5YPK,9ea81004baa6bc69e733317d69ac92232e48ef5b379c3911075c31bd6c0be742,178548,backfill/archive/runpod/20250502180710.html.gz,24,24
runpod,20250521200138,https://www.runpod.io/pricing,https://web.archive.org/web/20250521200138id_/https://www.runpod.io/pricing,G76CEE47FE6EC4YBFUCBUNENBPPLJ6YS,d67dadc377aa6df062c82a5d3983a73b404005b852b2818a1787fcb0a8ae7a39,180050,backfill/archive/runpod/20250521200138.html.gz,24,24
runpod,20250609041325,https://www.runpod.io/pricing,https://web.archive.org/web/20250609041325id_/https://www.runpod.io/pricing,KKES5LB4YR6JB5OL3J74IYXGJVLUO3K3,b321894f632800b4c182e999bbc8b7cd85d2339ab199925aeb5416a2fd66ca7e,180329,backfill/archive/runpod/20250609041325.html.gz,24,24
runpod,20250621180836,https://www.runpod.io/pricing,https://web.archive.org/web/20250621180836id_/https://www.runpod.io/pricing,2NWUHPARG6CJ3DCNN5EP4WD4QIFWKNS5,919bc7a1dd74b1e90198ff507f4f17dc15d9e69ac17cc55ef87d0d6e0e3681fe,115735,backfill/archive/runpod/20250621180836.html.gz,13,13
runpod,20250701222317,https://www.runpod.io/pricing,https://web.archive.org/web/20250701222317id_/https://www.runpod.io/pricing,KNK6DOVUE2SA5DI4BPURH7H7TY3C2Y2O,1069a032cf7c06bf15749e82cf9758da38e78b4c989bb178f8de8cf69052d5e5,120488,backfill/archive/runpod/20250701222317.html.gz,13,13
runpod,20250713170019,https://www.runpod.io/pricing,https://web.archive.org/web/20250713170019id_/https://www.runpod.io/pricing,X6V2GLLIRAY4ZT7OB4XS2B6EZ6IL3IP5,bc53098aa5e8458fcc11e64a4ce7abaa624e46cbad9b86461e394a1a8a54bd03,120887,backfill/archive/runpod/20250713170019.html.gz,12,12
runpod,20250721103757,https://www.runpod.io/pricing,https://web.archive.org/web/20250721103757id_/https://www.runpod.io/pricing,7BM4ANSQLN5YGWQ6LZSNLCQAFHPC5RB5,37b10137515059d6545a942d1a0e1ff0f063d20705d0372bf9b6f0054b05cb20,120862,backfill/archive/runpod/20250721103757.html.gz,12,12
runpod,20250729032846,https://www.runpod.io/pricing,https://web.archive.org/web/20250729032846id_/https://www.runpod.io/pricing,RCACEI43VUKKQUKHDLOTVADPA3W4LXRU,0dbc541095e762feb9f37dfd73d614370a91b7c4b2208addf2a9a4d39e7e8359,130635,backfill/archive/runpod/20250729032846.html.gz,12,12
runpod,20250815070943,https://www.runpod.io/pricing,https://web.archive.org/web/20250815070943id_/https://www.runpod.io/pricing,NF7G2DLWIJLLFYPLAGHFVWVJLSODUV2Z,47a73f164c89bf06aeef9cff2d0a481adbc6f94ba7a188014531a0a738e36b86,149212,backfill/archive/runpod/20250815070943.html.gz,13,13
runpod,20250821105349,https://www.runpod.io/pricing,https://web.archive.org/web/20250821105349id_/https://www.runpod.io/pricing,HEY4BASQNXX55FTMR2IB4U3N4BSSKSK6,cd0c4d5a35f99dbf00e646795758b555df248138f3b3e81f557d77cb11dd8dd2,149710,backfill/archive/runpod/20250821105349.html.gz,13,13
runpod,20250909131230,https://www.runpod.io/pricing,https://web.archive.org/web/20250909131230id_/https://www.runpod.io/pricing,HFZLBNLEDE76XNWRFS3W56H343FGJXV5,b20641fe1e1681111d92cf8110448a57c374c215c934a722ea78769baf932898,149853,backfill/archive/runpod/20250909131230.html.gz,14,14
runpod,20250921033838,https://www.runpod.io/pricing,https://web.archive.org/web/20250921033838id_/https://www.runpod.io/pricing,K57OLSCJYOYK52DEF7YHYKJ2NJUYC65I,d0a887968f8e37a3978428fbd13ab134374b2b4525ac809bdfe6696e4f2f80af,148418,backfill/archive/runpod/20250921033838.html.gz,14,14
runpod,20251010063808,https://www.runpod.io/pricing,https://web.archive.org/web/20251010063808id_/https://www.runpod.io/pricing,37T522RBWBAMFJTOU2NOUOOT3Z33A2W7,ff97bfc2e045c3f955601ce4f6580e14b177fad51902635afa08a20da68954ce,147783,backfill/archive/runpod/20251010063808.html.gz,14,14
runpod,20251027084431,https://www.runpod.io/pricing,https://web.archive.org/web/20251027084431id_/https://www.runpod.io/pricing,OUYWLTIDWOYWPWMBK77JEHJUV5O3JUA4,fcc5387f65d82fb25c1608dbbcdd80fa1023329c866d86982455ada963c34e03,153133,backfill/archive/runpod/20251027084431.html.gz,14,14
runpod,20251112184053,https://www.runpod.io/pricing,https://web.archive.org/web/20251112184053id_/https://www.runpod.io/pricing,ZXP54WV67CLS5PRAXA2OXMRJX22LVUIW,32ba27a5bc53ea3393daa3bb85d98f00205e52306eecdd29526c478656d6320e,153116,backfill/archive/runpod/20251112184053.html.gz,14,14
runpod,20251119110014,https://www.runpod.io/pricing,https://web.archive.org/web/20251119110014id_/https://www.runpod.io/pricing,IX2KWKSUEXDAVVYX6UHYPTQ43CBTRNV7,7357c500a40217ccf0a6dbc570e0d54efe5022980dcd10a2018c40b75035a206,156032,backfill/archive/runpod/20251119110014.html.gz,14,14
runpod,20251124013554,https://www.runpod.io/pricing,https://web.archive.org/web/20251124013554id_/https://www.runpod.io/pricing,3FLKVBBVM4YSZGV47SKAORGKLOXHJG62,7357c500a40217ccf0a6dbc570e0d54efe5022980dcd10a2018c40b75035a206,156032,backfill/archive/runpod/20251124013554.html.gz,14,14
runpod,20251207140114,https://www.runpod.io/pricing,https://web.archive.org/web/20251207140114id_/https://www.runpod.io/pricing,WPKIPUZ6QB7AWEBVNPVIHNX4NU66XM5F,44c9d046dd27fa619ce87e93d8a49f48b3e8f92a92903e9dccf87b8055be769a,157638,backfill/archive/runpod/20251207140114.html.gz,14,14
runpod,20251212192144,https://www.runpod.io/pricing,https://web.archive.org/web/20251212192144id_/https://www.runpod.io/pricing,5BWBUHO4F23QXEZAJ2ISHBKHBH2SD2E5,7c4287dae23f4d7d1dde7f22f1734432fb1d5f9ac882fa0f3646f342a4375899,157732,backfill/archive/runpod/20251212192144.html.gz,14,14
runpod,20251215221502,https://www.runpod.io/pricing,https://web.archive.org/web/20251215221502id_/https://www.runpod.io/pricing,D6KMMC2ZUIJY6NFDMAOTNYYV625SVWP5,7c4287dae23f4d7d1dde7f22f1734432fb1d5f9ac882fa0f3646f342a4375899,157732,backfill/archive/runpod/20251215221502.html.gz,14,14
runpod,20260112162804,https://www.runpod.io/pricing,https://web.archive.org/web/20260112162804id_/https://www.runpod.io/pricing,2MTJQW574MXWX6LREKMCWDJKXACPPXS5,6cadc0e82f4b7fda2a13e66a7afb51be47b94f1410744cc3d8418ac737383721,165193,backfill/archive/runpod/20260112162804.html.gz,14,14
runpod,20260125083826,https://www.runpod.io/pricing,https://web.archive.org/web/20260125083826id_/https://www.runpod.io/pricing,GB2YL4GHAW5ZSFL44P2CWNKHR2BFIWOM,f01dfb2c5fe63ffbe720963b34f38e11d0da239f8ecb580a0f6d6d951cffef23,165594,backfill/archive/runpod/20260125083826.html.gz,14,14
runpod,20260208082330,https://www.runpod.io/pricing,https://web.archive.org/web/20260208082330id_/https://www.runpod.io/pricing,NDMIBMMOVQNHYZN65WHHCL4PV2J4ISZX,02d51b94f3c3ee032a78a3c7ec864600bdc55550e9834dd17e5cff117019d12e,167937,backfill/archive/runpod/20260208082330.html.gz,14,14
runpod,20260209091123,https://www.runpod.io/pricing,https://web.archive.org/web/20260209091123id_/https://www.runpod.io/pricing,KCWPXYOGKRDUZ3EQNE3ZVSKL5BS4YB2V,02d51b94f3c3ee032a78a3c7ec864600bdc55550e9834dd17e5cff117019d12e,167937,backfill/archive/runpod/20260209091123.html.gz,14,14
runpod,20260218135142,https://www.runpod.io/pricing,https://web.archive.org/web/20260218135142id_/https://www.runpod.io/pricing,OO6YN5ABOM56QQCBKEZKVQWMQITMSILP,7fe206c9f2e361ec5603f50ff131dd75d8785b4f918c1e614b69d8508eb72f89,278269,backfill/archive/runpod/20260218135142.html.gz,14,14
runpod,20260313111731,https://www.runpod.io/pricing,https://web.archive.org/web/20260313111731id_/https://www.runpod.io/pricing,5XTBLCWLUUGPQ2NGYUQXL2K7OLP3M3TN,1b6ded9f527741e9a0d52c8e59710775b8767c1cfee3fb57932462f4bf0263c2,279595,backfill/archive/runpod/20260313111731.html.gz,14,14
runpod,20260317195938,https://www.runpod.io/pricing,https://web.archive.org/web/20260317195938id_/https://www.runpod.io/pricing,MIBN5EAUUOJXO65ZSAGLUJBKAJ36WPNH,1b6ded9f527741e9a0d52c8e59710775b8767c1cfee3fb57932462f4bf0263c2,279595,backfill/archive/runpod/20260317195938.html.gz,14,14
runpod,20260402173747,https://www.runpod.io/pricing,https://web.archive.org/web/20260402173747id_/https://www.runpod.io/pricing,W67TLIWO6KS7DKMAOUQS4CGYP2KTNZSP,b6a99b231c3bad906c0666cd8f223a8eac91d8b8eb5b181481005498f2495415,280184,backfill/archive/runpod/20260402173747.html.gz,14,14
runpod,20260413052155,https://www.runpod.io/pricing,https://web.archive.org/web/20260413052155id_/https://www.runpod.io/pricing,FFRXWYHT4THCUUAZEBDAT3HALU67FSEX,f956f538c242deef4415420eb1ab790b01993a4f8ba27f09b59b0e8d7c5fa5c4,259417,backfill/archive/runpod/20260413052155.html.gz,14,14
runpod,20260422101537,https://www.runpod.io/pricing,https://web.archive.org/web/20260422101537id_/https://www.runpod.io/pricing,EB7DMDASOCHE5YUC4FSNEIVAUZNYCCYF,2e5c6ceb13fe511f968ce9d715c9e50dbf74b1e1cd915cf42d54a76000e8511d,265487,backfill/archive/runpod/20260422101537.html.gz,14,14
runpod,20260429023921,https://www.runpod.io/pricing,https://web.archive.org/web/20260429023921id_/https://www.runpod.io/pricing,RFLA6HUUP7ZBTCO6457YBBIP5BXGDGH3,bcf5503bc1e422a41a73dced299085923b22c521bc4dd2399ecc067117f20517,265455,backfill/archive/runpod/20260429023921.html.gz,14,14
runpod,20260509224042,https://www.runpod.io/pricing,https://web.archive.org/web/20260509224042id_/https://www.runpod.io/pricing,RXP2CMUMRVLGKFMA6GNKA5CQW2OPYRX3,927363c9b282e0b70b7569c5a675d53b5fdba2587988b2c8f5e0fb7870f1661d,267771,backfill/archive/runpod/20260509224042.html.gz,14,14
runpod,20260511174230,https://www.runpod.io/pricing,https://web.archive.org/web/20260511174230id_/https://www.runpod.io/pricing,3O5USJSYXEMXX66UNQXQGKW2NHQZRT4W,5782f0877ccbdfe74d8cca85adc9ce907a7583f3ef647133ec3137cf71e224d6,267796,backfill/archive/runpod/20260511174230.html.gz,14,14
runpod,20260522115911,https://www.runpod.io/pricing,https://web.archive.org/web/20260522115911id_/https://www.runpod.io/pricing,SK6R6U45EU5ZWNHIZKIJTKCMO7LZMRSC,df5df1146129a7f414379ecc018be2c6f56cd8d544e962c9263f085ef1fa5592,270649,backfill/archive/runpod/20260522115911.html.gz,14,14
runpod,20260611044548,https://www.runpod.io/pricing,https://web.archive.org/web/20260611044548id_/https://www.runpod.io/pricing,2JPHZZQRTR47R67YDK4FKFETLVHGS2SY,0db9c1fb642f068665b529495aef7f779b6a6b133ad87fd4981349861fa21667,207207,backfill/archive/runpod/20260611044548.html.gz,14,14
runpod,20260615143958,https://www.runpod.io/pricing,https://web.archive.org/web/20260615143958id_/https://www.runpod.io/pricing,E22DSDC4RXIFPDK3PCBQ54LF3RKBTYG7,41e8790fd9bd0990a542372d027dcb5615e1007d90d1c06049f4a68e27dc0dbd,207759,backfill/archive/runpod/20260615143958.html.gz,14,14
runpod,20260625122803,https://www.runpod.io/pricing,https://web.archive.org/web/20260625122803id_/https://www.runpod.io/pricing,NKCNZKFWECERWRM5OYOZ5A6JY6FRXYYB,10c56bb06d4833dc4cc8204da52bc8be0135fafabe4a4c69b82255f3e94248f9,208891,backfill/archive/runpod/20260625122803.html.gz,14,14
runpod,20260702131609,https://www.runpod.io/pricing,https://web.archive.org/web/20260702131609id_/https://www.runpod.io/pricing,TEDE24R3Z7GJHSX7XCUWWXKV56VPC5WQ,bb4015ee71674ae18449deb185faab4fbc5786789ff6ab43b34dc6888a49c896,208510,backfill/archive/runpod/20260702131609.html.gz,14,14
runpod,20260711111931,https://www.runpod.io/pricing,https://web.archive.org/web/20260711111931id_/https://www.runpod.io/pricing,3KM3JCUXS5QO7U6PYMDEIP2BDSORXHZJ,a29917ca045bc9c73eb61c51ce0c675dd98e23d422e21d161d6c6461559ecd9a,232700,backfill/archive/runpod/20260711111931.html.gz,14,14
runpod,20260729140653,https://www.runpod.io/pricing,https://web.archive.org/web/20260729140653id_/https://www.runpod.io/pricing,UVBBOVWJYCRVQGEFPZQAS7577I237WKX,2c0788995ce2f63ed9ded3d0be6597de2fb6c3c6c8d068b745f4cc7acaa1f583,253143,backfill/archive/runpod/20260729140653.html.gz,14,14
runpod,20260803074336,https://www.runpod.io/pricing,https://web.archive.org/web/20260803074336id_/https://www.runpod.io/pricing,JIJO3CDX4IEIASXUXL7H3JLGOSP3EZ76,168f04ec7db90a391166f2ef6e73c227d260fef237b431509dfca38f5e075ac6,273222,backfill/archive/runpod/20260803074336.html.gz,14,14
runpod,20260810082317,https://www.runpod.io/pricing,https://web.archive.org/web/20260810082317id_/https://www.runpod.io/pricing,U6DKVHTYT7PQUCAICWUMCP3PGHVCQNZE,bac5ddb6053aba4681621ae3d6894f554f91e376368a42a02c443df501479845,273223,backfill/archive/runpod/20260810082317.html.gz,14,14
runpod,20260822124027,https://www.runpod.io/pricing,https://web.archive.org/web/20260822124027id_/https://www.runpod.io/pricing,NZVQNWGQ4A47WW2RAGDQQQJHAJ2KRUI7,c437ce8a688e53b00e4dd8a7fb4f0528849b4011fe10641f53ba37651437fa02,280727,backfill/archive/runpod/20260822124027.html.gz,14,14
runpod,20260825115605,https://www.runpod.io/pricing,https://web.archive.org/web/20260825115605id_/https://www.runpod.io/pricing,CQM3TC7ANUDVEGB6G6NFFC2ILQTPCWSH,ba0c4381dcbfca84e986c3e66f50e517781e4c9d0d0fe478b73d02e7cd374386,280727,backfill/archive/runpod/20260825115605.html.gz,14,14
runpod,20260831143149,https://www.runpod.io/pricing,https://web.archive.org/web/20260831143149id_/https://www.runpod.io/pricing,X3PNXXKHOHXB3Q6MD4LLPYWNYFJRE26B,ab7200f236d6417965b7977c9d92a2d5611589307ad4054e587ad504f7eae8cd,281164,backfill/archive/runpod/20260831143149.html.gz,14,14
runpod,20260911181522,https://www.runpod.io/pricing,https://web.archive.org/web/20260911181522id_/https://www.runpod.io/pricing,HKEGVE43MDDLUIF4MGIETMPMWULWB7CG,6665bb0d48660eb039601bbfb632b4aec26a3c988493dded0db8ea54ed188bc9,290903,backfill/archive/runpod/20260911181522.html.gz,14,14
runpod,20260915175515,https://www.runpod.io/pricing,https://web.archive.org/web/20260915175515id_/https://www.runpod.io/pricing,6RW4Y3HGT2AMIEUZBZBOE5WTOQMRHXGZ,80b88cd3ea0a4e5284cc7667a1d62ad0376ef37be5a15877f626ef11b45b8e2e,307414,backfill/archive/runpod/20260915175515.html.gz,14,14
runpod,20260921132254,https://www.runpod.io/pricing,https://web.archive.org/web/20260921132254id_/https://www.runpod.io/pricing,UEX557BS5DAQ5XGC3HB5JQC5HTB3IUN4,8a419684df0897e49ffa7c5787bbe4dc23b87f98a9cf4c1733a77e1faf80ca45,308620,backfill/archive/runpod/20260921132254.html.gz,14,14
runpod,20260928143046,https://www.runpod.io/pricing,https://web.archive.org/web/20260928143046id_/https://www.runpod.io/pricing,HBZNUR76OVGDMOQ2SD3FRF6TW53CKAIN,6a95c8a68a411bef09afd896393aa7a93f3a4210298ef855d0730586e6a4c58f,320080,backfill/archive/runpod/20260928143046.html.gz,14,14
coreweave,20230119104731,https://www.coreweave.com/gpu-cloud-pricing,https://web.archive.org/web/20230119104731id_/https://www.coreweave.com/gpu-cloud-pricing,DQ22CYFNHTVOFCBRUMJKQMDDM42J6EJF,a58b3247feaa2d6a7b0760ce85818a99b0143911a5ac2e4d51354a9c8e711aa8,107712,backfill/archive/coreweave/20230119104731.html.gz,5,5
coreweave,20230314174654,https://coreweave.com/gpu-cloud-pricing,https://web.archive.org/web/20230314174654id_/https://coreweave.com/gpu-cloud-pricing,VOKE7K2X2EV4FXGVXI4ZXSE324OX5PWO,dae16913366437c19c3d2390ba42e7770961fb80a43602d5ddc41b7a76bac761,107819,backfill/archive/coreweave/20230314174654.html.gz,5,5
coreweave,20230401080558,https://coreweave.com/gpu-cloud-pricing,https://web.archive.org/web/20230401080558id_/https://coreweave.com/gpu-cloud-pricing,3XZQWPX6NKTJ6JLHEV4WNAQCD3FM6FDX,70e053e69842eef3722dadeb941612f099e9d547fd698b81d59fd15608ffbb3e,109014,backfill/archive/coreweave/20230401080558.html.gz,6,6
coreweave,20230706175917,https://www.coreweave.com/gpu-cloud-pricing,https://web.archive.org/web/20230706175917id_/https://www.coreweave.com/gpu-cloud-pricing,UP5MX5JQ4Q6Z6ROZHDXA5LVMKXQJDFCG,b92149021231209d060a3afc60138daf7952aa12616b1e5972bb0f8f3115ec46,108952,backfill/archive/coreweave/20230706175917.html.gz,6,6
coreweave,20230921194906,http://www.coreweave.com/gpu-cloud-pricing,https://web.archive.org/web/20230921194906id_/http://www.coreweave.com/gpu-cloud-pricing,LMODN6MVPFLY26NTMQXR2WRDVDYUTGPT,44a64c41caa8d2cf0d04e7b4f3b68bff424802bb0de210eb392fdf5ddc8dd654,108714,backfill/archive/coreweave/20230921194906.html.gz,6,6
coreweave,20231126215533,https://coreweave.com/gpu-cloud-pricing,https://web.archive.org/web/20231126215533id_/https://coreweave.com/gpu-cloud-pricing,IDTKJJVJX4JLC6M527HVVAJQ43EWE3KY,772c7d549d0c1cf39658ee8c660b90244ffde3b7e4191690b24337664a3fd1eb,110911,backfill/archive/coreweave/20231126215533.html.gz,6,6
coreweave,20231213134534,https://www.coreweave.com/gpu-cloud-pricing,https://web.archive.org/web/20231213134534id_/https://www.coreweave.com/gpu-cloud-pricing,X3ITYITAK5JIHATLTL4CCVWOGBE5I7NS,dfb4124866d6679234a0d51c3a2e7b30398c0852702f5bdffd8704b810f5808e,112334,backfill/archive/coreweave/20231213134534.html.gz,6,6
coreweave,20240108002155,https://www.coreweave.com/gpu-cloud-pricing,https://web.archive.org/web/20240108002155id_/https://www.coreweave.com/gpu-cloud-pricing,2KC2OMVT3GKM5BM4OG6IN52BPAHC4DTL,275df4640b76652ed866a20eeb9ae4a7ad3af5556e90ce27dd360194fb44efb1,112696,backfill/archive/coreweave/20240108002155.html.gz,6,6
coreweave,20240205004831,https://www.coreweave.com/gpu-cloud-pricing,https://web.archive.org/web/20240205004831id_/https://www.coreweave.com/gpu-cloud-pricing,ORJLESXKWFUIHSTNPSH5YKIRNNSPE7LD,dde6f67d0aa198ad6f34b3af8c6e3a65fe47abc9aaf717bbf43f9ef6e0908080,112960,backfill/archive/coreweave/20240205004831.html.gz,6,6
coreweave,20240314134731,https://www.coreweave.com/gpu-cloud-pricing,https://web.archive.org/web/20240314134731id_/https://www.coreweave.com/gpu-cloud-pricing,SZPM3ZBKGAEHW5NXLU45BF2V7LU6SCC4,20562de10fd0f3cebabdd1be8a338692d22150f20b97d984c15edf36b1c943e8,113690,backfill/archive/coreweave/20240314134731.html.gz,6,6
coreweave,20240413012946,https://coreweave.com/gpu-cloud-pricing,https://web.archive.org/web/20240413012946id_/https://coreweave.com/gpu-cloud-pricing,5JJD32CAOOGMIKEG3LBZUDUEKKACLBL2,6db2c31036b623d4276fdc7dddf0f62ff417ff68c3d81d19788c7860adbbe7b2,114390,backfill/archive/coreweave/20240413012946.html.gz,6,6
coreweave,20240504090418,https://coreweave.com/gpu-cloud-pricing,https://web.archive.org/web/20240504090418id_/https://coreweave.com/gpu-cloud-pricing,EMX3KQKFTIVNFXRUOLEU6PZK2UAENJNQ,e575d78c4e6aa2a4e97ea5167f8f34526f2e7f3bc96591e10d40cbb02695346e,114383,backfill/archive/coreweave/20240504090418.html.gz,6,6
coreweave,20240618205634,https://www.coreweave.com/gpu-cloud-pricing,https://web.archive.org/web/20240618205634id_/https://www.coreweave.com/gpu-cloud-pricing,OOFDQTMK43N4WH3GIRMF64PKQRK5IOAC,20ac129e83d5d247ecf30685e48835e6bfdec1d0e215085a3c5fc4586cbbabc8,114466,backfill/archive/coreweave/20240618205634.html.gz,6,6
coreweave,20240718045701,https://www.coreweave.com/gpu-cloud-pricing,https://web.archive.org/web/20240718045701id_/https://www.coreweave.com/gpu-cloud-pricing,SCO4UDVDWESYBO3QQZ5MMHJUWROGBZF3,ea26613ade47f121115efb1120e3464939a61bf04d53be9b93beba3d039b8437,114143,backfill/archive/coreweave/20240718045701.html.gz,6,6
coreweave,20240806202622,https://coreweave.com/gpu-cloud-pricing,https://web.archive.org/web/20240806202622id_/https://coreweave.com/gpu-cloud-pricing,T3NXYD2NWNZPIVVNJDWPSN4VKAEFRIDT,d891dedc5b00af109b770b86a7bca3fadaa6fbeed15cd5a1eaedea50b2d16f73,115586,backfill/archive/coreweave/20240806202622.html.gz,6,6
coreweave,20240901110600,https://coreweave.com/gpu-cloud-pricing,https://web.archive.org/web/20240901110600id_/https://coreweave.com/gpu-cloud-pricing,ZQBQ7E4FFDZRD53FYU4GUSKP2QAODBV4,319c3f4f781b2b42ffe4a0e7f7a8f821f4e412c214367dd9566d271a843ccab6,117946,backfill/archive/coreweave/20240901110600.html.gz,6,6
coreweave,20241004113315,https://www.coreweave.com/gpu-cloud-pricing,https://web.archive.org/web/20241004113315id_/https://www.coreweave.com/gpu-cloud-pricing,IIJNXRDUVOGBOQFMY4FDABU3USMP2FFU,6d09ca01f13f318e04db119711574c199d09137a3ad82ae39e5e24f4d0f54527,117773,backfill/archive/coreweave/20241004113315.html.gz,6,6
coreweave,20241112201740,http://www.coreweave.com/gpu-cloud-pricing,https://web.archive.org/web/20241112201740id_/http://www.coreweave.com/gpu-cloud-pricing,MKCH3NPYBCDLHRZ6QG2EFMOWS6AE55OU,38cfe24b80b4d73dc815699cd0f8710854feba38d0e8570b46b97df7e86ababe,116666,backfill/archive/coreweave/20241112201740.html.gz,6,6
coreweave,20241206151408,https://coreweave.com/gpu-cloud-pricing,https://web.archive.org/web/20241206151408id_/https://coreweave.com/gpu-cloud-pricing,3ZPHOECWUKZWKP372SYBQVCELBH7TMXX,74809ca728d2d6dab76c42080b52085a4a88d9713b71ccd9d1037a005c412aa7,118458,backfill/archive/coreweave/20241206151408.html.gz,6,6
coreweave,20250101002525,https://www.coreweave.com/pricing,https://web.archive.org/web/20250101002525id_/https://www.coreweave.com/pricing,QW76V7ZWEQCMGKTDASR2R7HBR3NKBACA,6faacba0995c1247f29f54b43bc6f390818c514c70565d576cce3213f26483cf,335493,backfill/archive/coreweave/20250101002525.html.gz,2,2
coreweave,20250212013738,https://coreweave.com/pricing,https://web.archive.org/web/20250212013738id_/https://coreweave.com/pricing,4TUBDXH2U7RZBXRPM3X6TRYUP75VGETY,fbecdac97ba1e07255c2fc2954ea8bfd8f0bab6757bc1eb58d9d7866082147ce,530181,backfill/archive/coreweave/20250212013738.html.gz,2,2
coreweave,20250305013810,https://www.coreweave.com/pricing,https://web.archive.org/web/20250305013810id_/https://www.coreweave.com/pricing,U5EJMG77QIJS5LPO6MOT7IXBNAWDRDLF,31b624bde40b91aee21d68abc9d038120818dbffeb2b4884e0084bfb23150e45,446239,backfill/archive/coreweave/20250305013810.html.gz,2,2
coreweave,20250418231548,https://coreweave.com/pricing,https://web.archive.org/web/20250418231548id_/https://coreweave.com/pricing,MKMWYTNWDUD2MUKKV3Y3DTYYTCUSDVPN,14d9c45ebc575561c7eaa800ab3b52ee567751add3372dac99e84c9cc98dcbd4,457267,backfill/archive/coreweave/20250418231548.html.gz,2,2
coreweave,20250511175459,https://coreweave.com/pricing,https://web.archive.org/web/20250511175459id_/https://coreweave.com/pricing,WHWKCU3FDIKFXMX5HTBEQIB4YJPZCTOF,6ba2d62083ef2a9bfc4b1bb8e43e367b56ae046a8dfae894daa96f690b121767,499865,backfill/archive/coreweave/20250511175459.html.gz,3,3
coreweave,20250609162833,https://coreweave.com/pricing,https://web.archive.org/web/20250609162833id_/https://coreweave.com/pricing,3JQKLBT3KGJK3SNQBLTFT42KZUBGI2PO,fc93e98b6d795da4407de800d788aa502394a1c4ef846a1ed114ce0f69bbfeff,504599,backfill/archive/coreweave/20250609162833.html.gz,4,4
coreweave,20250718045748,https://www.coreweave.com/pricing,https://web.archive.org/web/20250718045748id_/https://www.coreweave.com/pricing,KF3XFPK4JKYP4Y6QLGWIDLOX64LSQCOQ,4fd9b7a91e8a0c622ca13a62dd917b3e879cccbceff74d4a274383abe590d8d8,523892,backfill/archive/coreweave/20250718045748.html.gz,4,4
coreweave,20250807194512,https://coreweave.com/pricing,https://web.archive.org/web/20250807194512id_/https://coreweave.com/pricing,VIN3LZFFTXXZAKZEDB277ENUBR4CF5OF,84ae6d9125a3cf0ac26964f5b84db4084173e9c84aa84af123f5a771d137d91c,530001,backfill/archive/coreweave/20250807194512.html.gz,4,4
coreweave,20250903111658,https://www.coreweave.com/pricing,https://web.archive.org/web/20250903111658id_/https://www.coreweave.com/pricing,AQWS3YBPPZEC7JM5O6VKFPCR6KIZMNO6,72aaf14613d64b40918698ef2773b16fd184715f82ea84ec52ef814d03945c37,586766,backfill/archive/coreweave/20250903111658.html.gz,4,4
coreweave,20251003103002,https://www.coreweave.com/pricing,https://web.archive.org/web/20251003103002id_/https://www.coreweave.com/pricing,GXES247BH3CGJWJ3BEWM7ZVDS43PRMPE,34c8ce9b580489536223536a5f156aa50f339d6b08140e7f355ee35119025e9e,598029,backfill/archive/coreweave/20251003103002.html.gz,4,4
coreweave,20251101141755,https://www.coreweave.com/pricing,https://web.archive.org/web/20251101141755id_/https://www.coreweave.com/pricing,VLFR3JATCCMSIRP4SSC7RKD5CYNKCNPB,c933fdc720ffc494bebc35c581c29ad18fa0461cb9aeb3f2132f459f6cc94dc9,612154,backfill/archive/coreweave/20251101141755.html.gz,4,4
coreweave,20251216064621,https://coreweave.com/pricing,https://web.archive.org/web/20251216064621id_/https://coreweave.com/pricing,AL75OFCU7VRZLTHPXIMVBXSBJHNSNVGC,880219ef870407855e08913090b756e3843b72278dcaba70e9689661f355239c,288766,backfill/archive/coreweave/20251216064621.html.gz,4,4
coreweave,20260106014605,https://www.coreweave.com/pricing,https://web.archive.org/web/20260106014605id_/https://www.coreweave.com/pricing,PEIEZYFSSVWO2GFOL3YNVOA46ZPMFVTC,5e2fc92e5c93ff8eba37ece7ffd7dcab240a9b69a27b271acd9822df4509ddd9,288351,backfill/archive/coreweave/20260106014605.html.gz,4,4
coreweave,20260225001139,https://www.coreweave.com/pricing,https://web.archive.org/web/20260225001139id_/https://www.coreweave.com/pricing,CQYR65PI6UAZ2UC7MFWFCWDNP43NYEGM,89004fd540693e242bd7d8a62d4949b9d6d417cb1297144caaf2a6aa3190cdfa,368732,backfill/archive/coreweave/20260225001139.html.gz,4,4
coreweave,20260313081744,https://coreweave.com/pricing,https://web.archive.org/web/20260313081744id_/https://coreweave.com/pricing,7G3FWS2IAEB734Q2QLPEB73JVXPWYZT2,55ce3c271df03e3cabcd52bd4223a088070d1c7021fb55d5407e9d4b3f4fcd19,427613,backfill/archive/coreweave/20260313081744.html.gz,4,4
coreweave,20260415105017,https://coreweave.com/pricing,https://web.archive.org/web/20260415105017id_/https://coreweave.com/pricing,CENTUCKPUUR2GFQDXP42Y5NYVW7NP2ZX,290d97edeac3fd9ae692c7e451ce4f72b5baf359de70f4f252c6951679ecca19,435366,backfill/archive/coreweave/20260415105017.html.gz,4,4
coreweave,20260510055757,https://coreweave.com/pricing,https://web.archive.org/web/20260510055757id_/https://coreweave.com/pricing,L3BYRRZ2PC22DOMPEFO43KFD6ZQIXOMB,8c0a3da4021abb92c59ee24553290d5a9a9c55ac67bec7915b3e97936aaa3581,445920,backfill/archive/coreweave/20260510055757.html.gz,4,4
coreweave,20260605195952,https://www.coreweave.com/pricing,https://web.archive.org/web/20260605195952id_/https://www.coreweave.com/pricing,4R5KLKESDGZYAFFHJSDFAWFVC6NEPQUR,b1b71cb4a6477c7e95c5bf586b34fc03efdbf587d623aeea517d040c70ef7426,446395,backfill/archive/coreweave/20260605195952.html.gz,4,4
coreweave,20260711021026,https://www.coreweave.com/pricing,https://web.archive.org/web/20260711021026id_/https://www.coreweave.com/pricing,E5IDOAKRUFEJX7XFXYYJWLB6X3OHAGY5,1b35837a988fd1eef0db900391d32f94d8ccb3c735c48781f6c2a886a0b3b987,461392,backfill/archive/coreweave/20260711021026.html.gz,4,4
coreweave,20260803103255,https://www.coreweave.com/pricing,https://web.archive.org/web/20260803103255id_/https://www.coreweave.com/pricing,VJYQWZUBOCKOCFVSEBPHFPFSEOB3H6AU,d37ce83351f671cf38437a6183f58eb677962b04dca6bbce48f6cd05f6bad481,460020,backfill/archive/coreweave/20260803103255.html.gz,4,4
coreweave,20260904032932,https://www.coreweave.com/pricing,https://web.archive.org/web/20260904032932id_/https://www.coreweave.com/pricing,LJRYZ5M4Q75UEAF7CX7M6JI6G3PN6RKB,e00b5d57c17f90108b84ee350d5d74ff363dacd725560224f33f48632628ad52,463966,backfill/archive/coreweave/20260904032932.html.gz,4,4
paperspace,20230520175931,https://www.paperspace.com/pricing,https://web.archive.org/web/20230520175931id_/https://www.paperspace.com/pricing,GUZSROW3O34R3C4YOEFDYKK3QZ563R6J,3c69910735f5c6cd72f711547ddde8fd001e41a6b3d096ea573645d0b2e951c8,131830,backfill/archive/paperspace/20230520175931.html.gz,1,1
paperspace,20230706175806,https://www.paperspace.com/pricing,https://web.archive.org/web/20230706175806id_/https://www.paperspace.com/pricing,C5LMRSDPQLMQHVSGAXNTQNJDYWPU4OFN,ef64f4fe82df8a262b9cdd34d674241ece754a4c69a5cfefbad3429d2e2b954d,132689,backfill/archive/paperspace/20230706175806.html.gz,1,1
paperspace,20230713232803,https://www.paperspace.com/pricing,https://web.archive.org/web/20230713232803id_/https://www.paperspace.com/pricing,5TISS2DFSD44KFUD7MDXR7ED4Y2T3PIK,2cc0509485e0c2245b53d1dc00a7d624c6efafc9bff6d9f51bf6a45ca267d0e6,132689,backfill/archive/paperspace/20230713232803.html.gz,1,1
paperspace,20230918173557,https://www.paperspace.com/pricing,https://web.archive.org/web/20230918173557id_/https://www.paperspace.com/pricing,M2FBCCV5NU7D4SSEZ62YP5VMPQCFRWDN,3093beb1725418ba32b1c85ab41c7236715d821b39888280e8e1af6e5d3a50b3,132842,backfill/archive/paperspace/20230918173557.html.gz,1,1
paperspace,20231004094131,https://www.paperspace.com/pricing,https://web.archive.org/web/20231004094131id_/https://www.paperspace.com/pricing,3FSD3I7TZKFC3RQNQT56DQHNMYZEASLT,7793ff1278162187667955934a4f20b20036ae51ea39818bda9c593214d5dcbb,132842,backfill/archive/paperspace/20231004094131.html.gz,1,1
paperspace,20231116105302,https://www.paperspace.com/pricing,https://web.archive.org/web/20231116105302id_/https://www.paperspace.com/pricing,VSUA6RAO6N3QJVHHNERT7M5F6PESHXDR,edcedf8eeecfb0fe1d727f8feecf8d48cb473e29cffe2b769dc7544a9ac96ce4,132847,backfill/archive/paperspace/20231116105302.html.gz,1,1
paperspace,20231221042335,https://www.paperspace.com/pricing,https://web.archive.org/web/20231221042335id_/https://www.paperspace.com/pricing,LYM5HQ7QFZAC7JTB2OOFQFRTFYDVSC4N,84f198d51ca1007afa3788d6f5b999ce30152ac85b4e19379b85c7f8b7551161,132821,backfill/archive/paperspace/20231221042335.html.gz,1,1
paperspace,20240115131920,https://www.paperspace.com/pricing,https://web.archive.org/web/20240115131920id_/https://www.paperspace.com/pricing,YJ6BVBWTNHLLYEGDWLY7TEA4S7YXHIIB,a3e828e236c91af77957ebe5b6c33fd6fa39b8cf03b84e49372609ff22aa98ab,133483,backfill/archive/paperspace/20240115131920.html.gz,3,3
paperspace,20240123092147,https://www.paperspace.com/pricing,https://web.archive.org/web/20240123092147id_/https://www.paperspace.com/pricing,3PF3T7VXH5KYJ4FTGI6XMIGDRWTJY2UE,bfa49200f914e35c493cc655116db50cd7a9be9df4a3bb7848b11e9f79098d51,133603,backfill/archive/paperspace/20240123092147.html.gz,3,3
paperspace,20240203164157,https://www.paperspace.com/pricing,https://web.archive.org/web/20240203164157id_/https://www.paperspace.com/pricing,CSXCA5GRVC7ENZBFQJLLMPB7LO6E4YOP,3e0e341ec283587abfd3b828a76ebe16384bb3002d21811c4a2ae953a4ea0725,133642,backfill/archive/paperspace/20240203164157.html.gz,3,3
paperspace,20240214013442,https://www.paperspace.com/pricing,https://web.archive.org/web/20240214013442id_/https://www.paperspace.com/pricing,DXADTJIUDN2W3VV5RNYAAEZ3NEIZWGD6,ce3f9b2f81cdd2201bb54a54575eea0fc0abb2860bf99eee24cb52cfc360cad1,133642,backfill/archive/paperspace/20240214013442.html.gz,3,3
paperspace,20240220152209,https://www.paperspace.com/pricing,https://web.archive.org/web/20240220152209id_/https://www.paperspace.com/pricing,WZEFP2UYGMTZPJLX72KN27RHGTWY7BKK,693ac3524a9ac12b17b0d9481c877e1cc6323631540a39ef3a563aa97fc45e1a,133642,backfill/archive/paperspace/20240220152209.html.gz,3,3
paperspace,20240302230938,https://www.paperspace.com/pricing,https://web.archive.org/web/20240302230938id_/https://www.paperspace.com/pricing,2H7CN4XJMJUMNPN7DBYGIA4IUEJSPK76,a3537da5e6ffa1c1d863a20f85311753d130b9683a0e825f1eecbe8f406d0dc0,133766,backfill/archive/paperspace/20240302230938.html.gz,3,3
paperspace,20240404040853,https://www.paperspace.com/pricing,https://web.archive.org/web/20240404040853id_/https://www.paperspace.com/pricing,ETUCC345OR3W3KSP4KOBNJEIXTFP5ZJE,a05bfdf3b776e36eb131e37752b09df6c9dc149d3ad267b56a65ae186e87315a,133701,backfill/archive/paperspace/20240404040853.html.gz,3,3
paperspace,20240420070200,https://www.paperspace.com/pricing,https://web.archive.org/web/20240420070200id_/https://www.paperspace.com/pricing,JAMKSKURAS3DEHE5ZX3V7DGJSYZF4XXV,a05bfdf3b776e36eb131e37752b09df6c9dc149d3ad267b56a65ae186e87315a,133701,backfill/archive/paperspace/20240420070200.html.gz,3,3
paperspace,20240511012223,https://www.paperspace.com/pricing,https://web.archive.org/web/20240511012223id_/https://www.paperspace.com/pricing,P3PIEVPRIWEKIOHFNKAOB72S6M4VVJ4X,545b187bceace7d1d40877acb5660164d2f215911a5c22cd1486caae63e1777e,133701,backfill/archive/paperspace/20240511012223.html.gz,3,3
paperspace,20240526083833,https://www.paperspace.com/pricing,https://web.archive.org/web/20240526083833id_/https://www.paperspace.com/pricing,5SFGENPSB32TNEJYVPXDGSKTT6ROQVQR,854608dd35b49e46c0995e8db8efb5d44962007ce0d76f9343132f291039d9b5,132431,backfill/archive/paperspace/20240526083833.html.gz,3,3
paperspace,20240621220921,https://www.paperspace.com/pricing,https://web.archive.org/web/20240621220921id_/https://www.paperspace.com/pricing,4UT67D4GMVDXSUZ7464KZ6534AP3GB77,b736805b820675e0f285992ee37bffc6e0ec038b9b92cccf849f221ea5810a42,131626,backfill/archive/paperspace/20240621220921.html.gz,3,3
paperspace,20240705234643,https://www.paperspace.com/pricing,https://web.archive.org/web/20240705234643id_/https://www.paperspace.com/pricing,4QUPRDGSTIXCR3ZWPOM6HBKUBSUCKQPJ,5de6965b1136b74ef109bebf7c869630c91469d1e322a8da85d48b5990d7c5d0,131626,backfill/archive/paperspace/20240705234643.html.gz,3,3
paperspace,20240710115732,https://www.paperspace.com/pricing,https://web.archive.org/web/20240710115732id_/https://www.paperspace.com/pricing,QW243SLTNH2NZ6EAOXCBNWG2DTFPLLYM,047915c187e68cf8c3ef7c17309a9b46e57673f0a7cd4aea6bc3a56ce3383b53,131626,backfill/archive/paperspace/20240710115732.html.gz,3,3
paperspace,20240716194744,https://www.paperspace.com/pricing,https://web.archive.org/web/20240716194744id_/https://www.paperspace.com/pricing,QW243SLTNH2NZ6EAOXCBNWG2DTFPLLYM,047915c187e68cf8c3ef7c17309a9b46e57673f0a7cd4aea6bc3a56ce3383b53,131626,backfill/archive/paperspace/20240716194744.html.gz,3,3
paperspace,20240803011419,https://www.paperspace.com/pricing,https://web.archive.org/web/20240803011419id_/https://www.paperspace.com/pricing,FFDTM5W23M6KQEWBJU7QXFFYQ3EBF6YN,047915c187e68cf8c3ef7c17309a9b46e57673f0a7cd4aea6bc3a56ce3383b53,131626,backfill/archive/paperspace/20240803011419.html.gz,3,3
paperspace,20240814014248,https://www.paperspace.com/pricing,https://web.archive.org/web/20240814014248id_/https://www.paperspace.com/pricing,QW243SLTNH2NZ6EAOXCBNWG2DTFPLLYM,047915c187e68cf8c3ef7c17309a9b46e57673f0a7cd4aea6bc3a56ce3383b53,131626,backfill/archive/paperspace/20240814014248.html.gz,3,3
paperspace,20240826020516,https://www.paperspace.com/pricing,https://web.archive.org/web/20240826020516id_/https://www.paperspace.com/pricing,FFDTM5W23M6KQEWBJU7QXFFYQ3EBF6YN,047915c187e68cf8c3ef7c17309a9b46e57673f0a7cd4aea6bc3a56ce3383b53,131626,backfill/archive/paperspace/20240826020516.html.gz,3,3
paperspace,20240902033034,https://www.paperspace.com/pricing,https://web.archive.org/web/20240902033034id_/https://www.paperspace.com/pricing,NH2PJ5WDDALHAK4MMDPEUATLBUZMSVKZ,1f433639a1371c0dbcdda9a6e2713bea69049e5f78e53fa579b2c01da4214cfc,130746,backfill/archive/paperspace/20240902033034.html.gz,3,3
paperspace,20240909041102,https://www.paperspace.com/pricing,https://web.archive.org/web/20240909041102id_/https://www.paperspace.com/pricing,NH2PJ5WDDALHAK4MMDPEUATLBUZMSVKZ,1f433639a1371c0dbcdda9a6e2713bea69049e5f78e53fa579b2c01da4214cfc,130746,backfill/archive/paperspace/20240909041102.html.gz,3,3
paperspace,20240916063021,https://www.paperspace.com/pricing,https://web.archive.org/web/20240916063021id_/https://www.paperspace.com/pricing,EUT34N74OOVQA24PMX3YC4UGWRWDHTBK,94cf71d8425a1dd6729d89979cbcc0137d92ac77e23f63fcbe39d39ee1cc2061,130746,backfill/archive/paperspace/20240916063021.html.gz,3,3
paperspace,20240923061120,https://www.paperspace.com/pricing,https://web.archive.org/web/20240923061120id_/https://www.paperspace.com/pricing,M4M7XJ4BIDAEIMWH4FK7DYXJ5DDTW54Y,b018025395772bd35510e900ac3d525b1386d088c709bedefcb738cd95791c63,129475,backfill/archive/paperspace/20240923061120.html.gz,3,3
paperspace,20240930185923,https://www.paperspace.com/pricing,https://web.archive.org/web/20240930185923id_/https://www.paperspace.com/pricing,YU55AUYYO5IHL5Z2EMJLTINXAG33VRF7,bf994c33e87b8a83e1a9268ef2ef1ad0ad5187948d2eab89b9d4256376189bee,126854,backfill/archive/paperspace/20240930185923.html.gz,3,3
paperspace,20241126171012,https://www.paperspace.com/pricing,https://web.archive.org/web/20241126171012id_/https://www.paperspace.com/pricing,42NC7LKS3SWK76FUOSX4XCEANKL6MV7T,ba8332e0fd398ef134004afb9e2fa0f9370458edc70559de5808cdf48b8a5208,126854,backfill/archive/paperspace/20241126171012.html.gz,3,3
paperspace,20241202185350,https://www.paperspace.com/pricing,https://web.archive.org/web/20241202185350id_/https://www.paperspace.com/pricing,42NC7LKS3SWK76FUOSX4XCEANKL6MV7T,ba8332e0fd398ef134004afb9e2fa0f9370458edc70559de5808cdf48b8a5208,126854,backfill/archive/paperspace/20241202185350.html.gz,3,3
paperspace,20241214191930,https://www.paperspace.com/pricing,https://web.archive.org/web/20241214191930id_/https://www.paperspace.com/pricing,3OENKXXCYZA2HWE7JN2ARBMIMM2EMFNB,ba8332e0fd398ef134004afb9e2fa0f9370458edc70559de5808cdf48b8a5208,126854,backfill/archive/paperspace/20241214191930.html.gz,3,3
paperspace,20241228154754,https://www.paperspace.com/pricing,https://web.archive.org/web/20241228154754id_/https://www.paperspace.com/pricing,42NC7LKS3SWK76FUOSX4XCEANKL6MV7T,ba8332e0fd398ef134004afb9e2fa0f9370458edc70559de5808cdf48b8a5208,126854,backfill/archive/paperspace/20241228154754.html.gz,3,3
paperspace,20250117134430,https://www.paperspace.com/pricing,https://web.archive.org/web/20250117134430id_/https://www.paperspace.com/pricing,42NC7LKS3SWK76FUOSX4XCEANKL6MV7T,ba8332e0fd398ef134004afb9e2fa0f9370458edc70559de5808cdf48b8a5208,126854,backfill/archive/paperspace/20250117134430.html.gz,3,3
paperspace,20250202135356,https://www.paperspace.com/pricing,https://web.archive.org/web/20250202135356id_/https://www.paperspace.com/pricing,42NC7LKS3SWK76FUOSX4XCEANKL6MV7T,ba8332e0fd398ef134004afb9e2fa0f9370458edc70559de5808cdf48b8a5208,126854,backfill/archive/paperspace/20250202135356.html.gz,3,3
paperspace,20250325103139,https://www.paperspace.com/pricing,https://web.archive.org/web/20250325103139id_/https://www.paperspace.com/pricing,NKBLSDR52AUVT733JDAN3QIM5MVH2KC4,d0591f53f050ad865043483eae51b2bab607b6c0aa2ed322bae02a4b5dbd986e,126870,backfill/archive/paperspace/20250325103139.html.gz,3,3
paperspace,20250708111241,https://www.paperspace.com/pricing,https://web.archive.org/web/20250708111241id_/https://www.paperspace.com/pricing,N7AKUKJKBBNAJWJDGUHKYLQ7FAMRNIDQ,ac43e1eabf7be16942d4c222d68ca3301d17cc4ad54e84357dfdcd3d8b9084df,126844,backfill/archive/paperspace/20250708111241.html.gz,3,3
paperspace,20250718223805,https://www.paperspace.com/pricing,https://web.archive.org/web/20250718223805id_/https://www.paperspace.com/pricing,232AES4X3FEB45KBVR6CQLYS5OV3GAWN,1322eef15bd405d45386dfeec08a074f5abac5022ae0e54f95c5ab307d68f9df,126847,backfill/archive/paperspace/20250718223805.html.gz,3,3
paperspace,20250805145230,https://www.paperspace.com/pricing,https://web.archive.org/web/20250805145230id_/https://www.paperspace.com/pricing,2HZR26I653YMIHVRRAJEV5ZSB4PQ7PZD,1322eef15bd405d45386dfeec08a074f5abac5022ae0e54f95c5ab307d68f9df,126847,backfill/archive/paperspace/20250805145230.html.gz,3,3
paperspace,20250815170555,https://www.paperspace.com/pricing,https://web.archive.org/web/20250815170555id_/https://www.paperspace.com/pricing,2HZR26I653YMIHVRRAJEV5ZSB4PQ7PZD,1322eef15bd405d45386dfeec08a074f5abac5022ae0e54f95c5ab307d68f9df,126847,backfill/archive/paperspace/20250815170555.html.gz,3,3
paperspace,20250821111811,https://www.paperspace.com/pricing,https://web.archive.org/web/20250821111811id_/https://www.paperspace.com/pricing,232AES4X3FEB45KBVR6CQLYS5OV3GAWN,1322eef15bd405d45386dfeec08a074f5abac5022ae0e54f95c5ab307d68f9df,126847,backfill/archive/paperspace/20250821111811.html.gz,3,3
paperspace,20250910154155,https://www.paperspace.com/pricing,https://web.archive.org/web/20250910154155id_/https://www.paperspace.com/pricing,2HZR26I653YMIHVRRAJEV5ZSB4PQ7PZD,1322eef15bd405d45386dfeec08a074f5abac5022ae0e54f95c5ab307d68f9df,126847,backfill/archive/paperspace/20250910154155.html.gz,3,3
paperspace,20250915193715,https://www.paperspace.com/pricing,https://web.archive.org/web/20250915193715id_/https://www.paperspace.com/pricing,232AES4X3FEB45KBVR6CQLYS5OV3GAWN,1322eef15bd405d45386dfeec08a074f5abac5022ae0e54f95c5ab307d68f9df,126847,backfill/archive/paperspace/20250915193715.html.gz,3,3
paperspace,20251217155338,https://www.paperspace.com/pricing,https://web.archive.org/web/20251217155338id_/https://www.paperspace.com/pricing,2HZR26I653YMIHVRRAJEV5ZSB4PQ7PZD,1322eef15bd405d45386dfeec08a074f5abac5022ae0e54f95c5ab307d68f9df,126847,backfill/archive/paperspace/20251217155338.html.gz,3,3
paperspace,20260101000403,https://www.paperspace.com/pricing,https://web.archive.org/web/20260101000403id_/https://www.paperspace.com/pricing,232AES4X3FEB45KBVR6CQLYS5OV3GAWN,1322eef15bd405d45386dfeec08a074f5abac5022ae0e54f95c5ab307d68f9df,126847,backfill/archive/paperspace/20260101000403.html.gz,3,3
paperspace,20260211054712,https://www.paperspace.com/pricing,https://web.archive.org/web/20260211054712id_/https://www.paperspace.com/pricing,2HZR26I653YMIHVRRAJEV5ZSB4PQ7PZD,1322eef15bd405d45386dfeec08a074f5abac5022ae0e54f95c5ab307d68f9df,126847,backfill/archive/paperspace/20260211054712.html.gz,3,3
paperspace,20260302134004,https://www.paperspace.com/pricing,https://web.archive.org/web/20260302134004id_/https://www.paperspace.com/pricing,2HZR26I653YMIHVRRAJEV5ZSB4PQ7PZD,1322eef15bd405d45386dfeec08a074f5abac5022ae0e54f95c5ab307d68f9df,126847,backfill/archive/paperspace/20260302134004.html.gz,3,3
paperspace,20260409163540,https://www.paperspace.com/pricing,https://web.archive.org/web/20260409163540id_/https://www.paperspace.com/pricing,2HZR26I653YMIHVRRAJEV5ZSB4PQ7PZD,1322eef15bd405d45386dfeec08a074f5abac5022ae0e54f95c5ab307d68f9df,126847,backfill/archive/paperspace/20260409163540.html.gz,3,3
paperspace,20260519012809,https://www.paperspace.com/pricing,https://web.archive.org/web/20260519012809id_/https://www.paperspace.com/pricing,EUVMOVWI6SW4G7K5NE2LCJZFOVHGFNU3,c4caa538e26f92dc2e41c70ebb45f2b4951b93acbde81f3678a53a08ce9a98a2,126937,backfill/archive/paperspace/20260519012809.html.gz,3,3
paperspace,20260821053156,https://www.paperspace.com/pricing,https://web.archive.org/web/20260821053156id_/https://www.paperspace.com/pricing,3Q6HQ7U7LF47TNMHXBMCT3OEVWGE7XCV,e368beda1757f45df0676d81e3a4150862bcbc732fec4183ded2a9e02d000144,126929,backfill/archive/paperspace/20260821053156.html.gz,3,3
paperspace,20260923191525,https://www.paperspace.com/pricing,https://web.archive.org/web/20260923191525id_/https://www.paperspace.com/pricing,FMRT422RN5WDSZNCPDN2G3DJUPAVWXY2,f55fdd9f941c8f338cfb08a1f27f4c7567e2667f86112d3dbeed45da66d9f3fe,127225,backfill/archive/paperspace/20260923191525.html.gz,3,3
fluidstack,20230111193654,https://www.fluidstack.io/pricing,https://web.archive.org/web/20230111193654id_/https://www.fluidstack.io/pricing,GGJ6JKU5VS5VCEF73BTE5DTNYX6LRQ26,b8fc79e991e8920be6045869d7dcad5cbae0ef1923e591568e46c077fb9d3158,140069,backfill/archive/fluidstack/20230111193654.html.gz,43,43
fluidstack,20230315011215,https://www.fluidstack.io/pricing,https://web.archive.org/web/20230315011215id_/https://www.fluidstack.io/pricing,HMSTC36DRN7MFKCMVBKCMFOVGER3V3ZR,d9a696dc543aefab7cffca6a1389b94ab5a483af139cc43e9bed91f07ad8cb61,131472,backfill/archive/fluidstack/20230315011215.html.gz,24,24
fluidstack,20230930024119,https://www.fluidstack.io/pricing,https://web.archive.org/web/20230930024119id_/https://www.fluidstack.io/pricing,OKV5MBV5CUFYRT4IECLRNHNG7GP4BSKZ,809f4d331539a171294c352f209b02fbc328ab9585ac4e2729790af4494b610f,52802,backfill/archive/fluidstack/20230930024119.html.gz,12,12
fluidstack,20240130114357,https://www.fluidstack.io/pricing,https://web.archive.org/web/20240130114357id_/https://www.fluidstack.io/pricing,LQPJCV6ZCJQNJZ6ORAMKKCBKMOGX5WHO,9f58c8be0e133e3af62dc5a15f4e6ae29ad144f4bcf5c5bb5303aa84653c5149,37168,backfill/archive/fluidstack/20240130114357.html.gz,12,12
fluidstack,20240225014703,https://www.fluidstack.io/pricing,https://web.archive.org/web/20240225014703id_/https://www.fluidstack.io/pricing,GNXWXYDUN2BYRZP7VNL6ZF6MVFG5UONK,de9fc0b97b4e82c79168a7dbfb48765bbf13851c4231ba98cb2cccce9985b57e,36221,backfill/archive/fluidstack/20240225014703.html.gz,12,12
fluidstack,20240525153831,https://www.fluidstack.io/pricing,https://web.archive.org/web/20240525153831id_/https://www.fluidstack.io/pricing,SUWLU62VQ4WQPF2G4G27V57NJUFBWEKM,ec2fd51540d0515426a9b388c4cb0aefae4d8ae43fa2e72ff921afc767d80c6c,37515,backfill/archive/fluidstack/20240525153831.html.gz,12,12
fluidstack,20240530124916,https://www.fluidstack.io/pricing,https://web.archive.org/web/20240530124916id_/https://www.fluidstack.io/pricing,SQQ2RDXDXKZNVD6P55E4B3XKPQPGQHWF,9301722c124ce4b8fc554d2feb947a5e75566fe0db821b3437e9faab409e1027,40288,backfill/archive/fluidstack/20240530124916.html.gz,12,12
fluidstack,20240619200405,https://www.fluidstack.io/pricing,https://web.archive.org/web/20240619200405id_/https://www.fluidstack.io/pricing,Z5HITL4KZZ3VWG2M6Y5XDYWMWEXN4QYF,c618dc9ddc0077bd5ab73729d0a8998c604ea631bacb9828d5c2d0d7a50f78fb,40363,backfill/archive/fluidstack/20240619200405.html.gz,12,12
fluidstack,20240624034256,https://www.fluidstack.io/pricing,https://web.archive.org/web/20240624034256id_/https://www.fluidstack.io/pricing,IUAKHK5IPL5QA4GQ2VNNNJ7A65UZPKKM,989e7978070bc257848736f2f23734a9a31b54e93d2d37cbf5e9a8cc5cd813d6,40328,backfill/archive/fluidstack/20240624034256.html.gz,12,12
fluidstack,20240907043117,https://www.fluidstack.io/pricing,https://web.archive.org/web/20240907043117id_/https://www.fluidstack.io/pricing,BRTHNDGLZBWSZMNOMBBEPHFDFZZGKWNV,4447cf82312b33f0b1492b066d27139736f75eb4ffd4740fe63b1a07dfac662a,57886,backfill/archive/fluidstack/20240907043117.html.gz,6,6
fluidstack,20240910202758,https://www.fluidstack.io/pricing,https://web.archive.org/web/20240910202758id_/https://www.fluidstack.io/pricing,5UG2KIST7EAHEM7CKHSSSQC57EAQENLJ,7ba51ab99b7ef002dc172e57bcbd3c05f35f45cc9b2efabf652f793672f7decb,57954,backfill/archive/fluidstack/20240910202758.html.gz,6,6
fluidstack,20250109013724,https://www.fluidstack.io/pricing,https://web.archive.org/web/20250109013724id_/https://www.fluidstack.io/pricing,ESY5HPWKKZKSTNCLEY6JSE7BP7VOSPSW,4f53329d83ea41e5d7831ad2c84f2d4af0efc7cf8357528d85890c6e42ff0780,47720,backfill/archive/fluidstack/20250109013724.html.gz,7,7
fluidstack,20250130120029,https://www.fluidstack.io/pricing,https://web.archive.org/web/20250130120029id_/https://www.fluidstack.io/pricing,TJXSDFG2FTWWGFGXZXI5VIBPISU57UK3,7cde4b55285826cdda9a1b127f48184b521c04e04aa3d764ec8b2efa165371e3,50604,backfill/archive/fluidstack/20250130120029.html.gz,3,3
fluidstack,20250208222537,https://www.fluidstack.io/pricing,https://web.archive.org/web/20250208222537id_/https://www.fluidstack.io/pricing,DXGOSCZBIGHPZTML4BVA5OFK5QS4PLR5,ef51e5fbc68b59c3262e6bb97989df963a1c1bf13949726c15d7b6e12c872232,50817,backfill/archive/fluidstack/20250208222537.html.gz,3,3
fluidstack,20250425180745,https://www.fluidstack.io/pricing,https://web.archive.org/web/20250425180745id_/https://www.fluidstack.io/pricing,MZ43GEOZKLNUXL5HDQZMKJZ5APSA7ZQX,1e7559075a05a97a73f6f393cbb68759b65ddee1b65351127e12580a2289588c,50535,backfill/archive/fluidstack/20250425180745.html.gz,3,3
fluidstack,20250429205801,https://www.fluidstack.io/pricing,https://web.archive.org/web/20250429205801id_/https://www.fluidstack.io/pricing,HZ3TMCIC62AJLRCXRIYQQMZ4YJYNX4FO,a643630cd2bbb1aa32602903be8cb5c2be44d28e8e1ebf56f73e6e8dd7735c9c,50694,backfill/archive/fluidstack/20250429205801.html.gz,3,3
fluidstack,20250619061434,https://www.fluidstack.io/pricing,https://web.archive.org/web/20250619061434id_/https://www.fluidstack.io/pricing,IB5A5ZDS7BU3XVK653VRB4FOQSNMJCPP,1a650db20ce906c968756ada670a1d334c90be99a9d87acc0de5b453eaf03c1f,373389,backfill/archive/fluidstack/20250619061434.html.gz,3,3
fluidstack,20250709030050,https://www.fluidstack.io/pricing,https://web.archive.org/web/20250709030050id_/https://www.fluidstack.io/pricing,PSJ2WR35EM2RC6CR72WFWITN4QKXP7DI,553a03f24b09db2765e530d95574eb66bb119741ed71d1dfdf316a7c3e93643e,393908,backfill/archive/fluidstack/20250709030050.html.gz,3,3
fluidstack,20251017042409,https://www.fluidstack.io/pricing,https://web.archive.org/web/20251017042409id_/https://www.fluidstack.io/pricing,22DWK2G2OJJHE75R4BDT64EAIX62TK7L,dd7ae94a1c6b767e8402a8104e67c01bd1878fdd7e8419cd4f2dcdb19d60571a,398278,backfill/archive/fluidstack/20251017042409.html.gz,3,3
datacrunch,20230923045316,https://datacrunch.io/products,https://web.archive.org/web/20230923045316id_/https://datacrunch.io/products,WY6YHWOXZZZJWSUGZIIRLV7K74MMIBW7,d4c976feb3d0248f54f1c50632fb436c9793a910f85c39e1b59e01a9f3b70697,263721,backfill/archive/datacrunch/20230923045316.html.gz,36,36
datacrunch,20240222045038,https://datacrunch.io/products,https://web.archive.org/web/20240222045038id_/https://datacrunch.io/products,WJVGWZZ2AOMPMFWPVLE2YY2R4BTOCUNR,1e352047cda9e0aca6ef7112702d0298f9e57dc823ad92ee49b6ced4c883b090,270746,backfill/archive/datacrunch/20240222045038.html.gz,39,39
datacrunch,20240415094157,https://datacrunch.io/products,https://web.archive.org/web/20240415094157id_/https://datacrunch.io/products,3M7UTQCHPI7GMPN2BOTSPRKTVVH72RNR,1f3391f24321979af25dd6e8d10b1fdaf6ea8da5b97beae0e824d66a01abe6d6,323608,backfill/archive/datacrunch/20240415094157.html.gz,36,36
datacrunch,20240615235941,https://datacrunch.io/products,https://web.archive.org/web/20240615235941id_/https://datacrunch.io/products,7FYBLEYIOWPWO73OJ6NITCFFGOOHWIAM,dea125eb5a83c2557170617a32ea66b1579813c27f0b115081276e545cbf1ce8,78890,backfill/archive/datacrunch/20240615235941.html.gz,39,39
datacrunch,20240724124458,https://datacrunch.io/products,https://web.archive.org/web/20240724124458id_/https://datacrunch.io/products,ZG4B2YJGFIO6QEVNFTPIXEGFIELPL3YO,f052f22eb8258ef792000bf0867c1ada76e755eb482df6d395c67f74b6c56714,77700,backfill/archive/datacrunch/20240724124458.html.gz,39,39
datacrunch,20240813095554,https://datacrunch.io/products/,https://web.archive.org/web/20240813095554id_/https://datacrunch.io/products/,J5L57YFISU3OU7WDLYSNKBSFV5FH3JBJ,446d6a36cc9316cc7982eda45d1356239c201e226b6215d105d5346fcf86d859,520585,backfill/archive/datacrunch/20240813095554.html.gz,39,39
datacrunch,20241102214141,https://datacrunch.io/products,https://web.archive.org/web/20241102214141id_/https://datacrunch.io/products,ONPPL6GIF7QESY2JYZKUC4LB4H2MY35Q,d9b8d32ae7bd5c46521fd2f608d7424bf239ec6fbb5b6fde057d03dd34ecb90e,510221,backfill/archive/datacrunch/20241102214141.html.gz,51,51
datacrunch,20241202143254,https://datacrunch.io/products,https://web.archive.org/web/20241202143254id_/https://datacrunch.io/products,K2KTQHMGSTZ4P6UI5ZEOCDR6WK73Q3I7,2a207992dc27c550f810360eb13be8b907b02523e4ac67ff3f4962f2d8205b8f,535102,backfill/archive/datacrunch/20241202143254.html.gz,51,51
datacrunch,20250118210057,https://datacrunch.io/products,https://web.archive.org/web/20250118210057id_/https://datacrunch.io/products,BQWYMQ74YWZTC2XN7MSBEXGZDQEOZDQM,60fba81d426b1d934ca366f8f94e95c447961f1bbc1d7c2f5f98047c1b16ab4e,545637,backfill/archive/datacrunch/20250118210057.html.gz,51,51
datacrunch,20250208131534,https://datacrunch.io/products,https://web.archive.org/web/20250208131534id_/https://datacrunch.io/products,V3CGVJEMFPZLGLXRNRD4RP65JQ3B7SBZ,3fd6ee4a2ebe0734d544345c9b9514b5e2a69f95e5e33bdde2057dfba785739d,544443,backfill/archive/datacrunch/20250208131534.html.gz,51,51
datacrunch,20250212143951,https://datacrunch.io/products,https://web.archive.org/web/20250212143951id_/https://datacrunch.io/products,YKI7374ODX4MTLO4NJYA4YA3NJUX3NZD,a28d0ed9e6431519090a5479125770c46a642f7156cd414208e3455ef36050f1,544438,backfill/archive/datacrunch/20250212143951.html.gz,51,51
datacrunch,20250420163144,https://datacrunch.io/products,https://web.archive.org/web/20250420163144id_/https://datacrunch.io/products,LFQZPG2HFOSQ7BLSMCLQR2BZTB5U33HU,6374589478f6a0d8e706e37343867db73def3482b470a13cc142819d1410203f,580759,backfill/archive/datacrunch/20250420163144.html.gz,57,57
datacrunch,20250808081801,https://datacrunch.io/products,https://web.archive.org/web/20250808081801id_/https://datacrunch.io/products,FPI5ZMSMMUOH35BKOYXMN65YVZ65HS4E,c549c4118e1a6531b1f928445e6a61194017e790f1a492184af9f2fc8f7680fa,639941,backfill/archive/datacrunch/20250808081801.html.gz,38,38
hyperstack,20231109232321,https://www.hyperstack.cloud/gpu-pricing,https://web.archive.org/web/20231109232321id_/https://www.hyperstack.cloud/gpu-pricing,33GP5KMDWGHFVWMTOJFXOLOWIDI5G775,44ab6293c030eab83335125218d0daec4dc0e1f25c7ed1227f65ecbef24314f1,88637,backfill/archive/hyperstack/20231109232321.html.gz,0,0
hyperstack,20240223142155,https://www.hyperstack.cloud/gpu-pricing,https://web.archive.org/web/20240223142155id_/https://www.hyperstack.cloud/gpu-pricing,PWOMLCUZHRT3PMP7MVLMR6XQWJUY6O3T,9282fef24fc2e2bcba5b86d539492adb394569035a70665535dfee3a08d11a19,74212,backfill/archive/hyperstack/20240223142155.html.gz,2,2
hyperstack,20240423020911,https://www.hyperstack.cloud/gpu-pricing,https://web.archive.org/web/20240423020911id_/https://www.hyperstack.cloud/gpu-pricing,BBWVV4OVJFNH2CYV3HCWCY7X65LN6NIM,d10c37a78173c7de32b2adf353c53c0e0137c2b67586da82a60ccabe4addfa02,75874,backfill/archive/hyperstack/20240423020911.html.gz,2,2
hyperstack,20240714142835,https://www.hyperstack.cloud/gpu-pricing,https://web.archive.org/web/20240714142835id_/https://www.hyperstack.cloud/gpu-pricing,3KQQVAN5SZVPNUM2F7UKJEEIXFET5MH5,f665003eaa7af61bfbe9fc588f24e06121a2fe15741bff5cc60078c3fc3e196e,92428,backfill/archive/hyperstack/20240714142835.html.gz,10,10
hyperstack,20240822101707,https://www.hyperstack.cloud/gpu-pricing,https://web.archive.org/web/20240822101707id_/https://www.hyperstack.cloud/gpu-pricing,7O3SXV7X4DVMJCO5VQ6RRANHK2QXOMSL,f8d56f3beade2b6b2449bbe908265bc5e77c5c1088acb5df39e0d6339d046d3e,93199,backfill/archive/hyperstack/20240822101707.html.gz,10,10
hyperstack,20241006231724,https://www.hyperstack.cloud/gpu-pricing,https://web.archive.org/web/20241006231724id_/https://www.hyperstack.cloud/gpu-pricing,2D2G6FBXRDUL7KY5ZFGQMQCMTTYSQJ7G,e370524c751dbaf69a4ebf1bd8b720f7dd7cd5e31ec0086d3aaca301ce8c917a,91706,backfill/archive/hyperstack/20241006231724.html.gz,10,10
hyperstack,20241123063059,https://www.hyperstack.cloud/gpu-pricing,https://web.archive.org/web/20241123063059id_/https://www.hyperstack.cloud/gpu-pricing,CNTTB4OT2CGT6JN4CGBT2UWPULVHGKGN,7fdb97baa1823b891069695e237904c2e9832f9c4415e4c2e5ba4262c8cdeb17,87616,backfill/archive/hyperstack/20241123063059.html.gz,10,10
hyperstack,20241222143859,https://www.hyperstack.cloud/gpu-pricing,https://web.archive.org/web/20241222143859id_/https://www.hyperstack.cloud/gpu-pricing,W3OXYTX2O67YKR6S3ZNTALPKT6ULQLQM,ca6ae7333f1292660771c8d042f329e58f2cd9924033364c8d8497a948476995,88692,backfill/archive/hyperstack/20241222143859.html.gz,10,10
hyperstack,20241228085700,https://www.hyperstack.cloud/gpu-pricing,https://web.archive.org/web/20241228085700id_/https://www.hyperstack.cloud/gpu-pricing,EZBFCACLRIZUVOWV4WXK2H72XIRX6NUM,bbf8b37612a0693251a3a6830f36f7461c3ee5eb5f8e33444d4b1986f1c22c27,88966,backfill/archive/hyperstack/20241228085700.html.gz,10,10
hyperstack,20250122141004,https://www.hyperstack.cloud/gpu-pricing,https://web.archive.org/web/20250122141004id_/https://www.hyperstack.cloud/gpu-pricing,4JF76NLQKKP6F6IB2P3LMQRVTZDTPZHQ,37925ec02d03001b96a27e7197bffe3d007b2d2c0fce7ab48f6e9b8a2b5aff0d,88915,backfill/archive/hyperstack/20250122141004.html.gz,10,10
hyperstack,20250130003352,https://www.hyperstack.cloud/gpu-pricing,https://web.archive.org/web/20250130003352id_/https://www.hyperstack.cloud/gpu-pricing,FUJHG2I7R3ITHE4UCSFHVHSTFHVUPYEJ,df8ab088d01d1d316cba2217de4562cc407a9343ecbd50b0530bf34f3b191087,88915,backfill/archive/hyperstack/20250130003352.html.gz,10,10
hyperstack,20250210004719,https://www.hyperstack.cloud/gpu-pricing,https://web.archive.org/web/20250210004719id_/https://www.hyperstack.cloud/gpu-pricing,NKJ6LTF3GV34SGPNQXEPUKMEWCYYE3ZT,6d10e715122b5fb4c6ac721200e8fb497e990c62e9913673720dac241e86c114,88915,backfill/archive/hyperstack/20250210004719.html.gz,10,10
hyperstack,20250521143427,https://www.hyperstack.cloud/gpu-pricing,https://web.archive.org/web/20250521143427id_/https://www.hyperstack.cloud/gpu-pricing,QCZKETAQRBG7O4K6Y3ZKIBZKD27FTAEU,a22b9dc13c665b324f723d2595a42993fc28223bd88d076c82324a3403905a25,89925,backfill/archive/hyperstack/20250521143427.html.gz,10,10
hyperstack,20250724001416,https://www.hyperstack.cloud/gpu-pricing,https://web.archive.org/web/20250724001416id_/https://www.hyperstack.cloud/gpu-pricing,MRTX7CDWZV35QD4XXSJSIY5FP7QYRKNP,4d5e1966bc7dfe42816c1ca1b8ad4aacbf4eb8b54b05b08a14da1e6810c7cf7d,129678,backfill/archive/hyperstack/20250724001416.html.gz,15,15
hyperstack,20250809025843,https://www.hyperstack.cloud/gpu-pricing,https://web.archive.org/web/20250809025843id_/https://www.hyperstack.cloud/gpu-pricing,KDIA6L4PJATTNEC6KNIJO55ZIZHMRW53,9cefdeaea731000b2c5445d3393680632307b9042de0ac40e24a1435affbb550,135753,backfill/archive/hyperstack/20250809025843.html.gz,16,16
hyperstack,20250908130726,https://www.hyperstack.cloud/gpu-pricing,https://web.archive.org/web/20250908130726id_/https://www.hyperstack.cloud/gpu-pricing,BENJFAPDXGN2D6DRUD56JVJILVYIXIZ3,2cea8e171294f81168f7a6ae8f1ae54b88ae9d5d19aa8ed66d86df49c9d621b3,148459,backfill/archive/hyperstack/20250908130726.html.gz,16,16
hyperstack,20251028064339,https://www.hyperstack.cloud/gpu-pricing,https://web.archive.org/web/20251028064339id_/https://www.hyperstack.cloud/gpu-pricing,NJ43D4XWZUEXAPFBK2EX4SYZPAMNSLF7,856d5c3775cfb605f7558b186d872f8ebaaa94661ef82d429c29d8e52ee21aee,153170,backfill/archive/hyperstack/20251028064339.html.gz,16,16
hyperstack,20251215210722,https://www.hyperstack.cloud/gpu-pricing,https://web.archive.org/web/20251215210722id_/https://www.hyperstack.cloud/gpu-pricing,SAGTHDXCLNEIQAK5CWXX7T5SEOK6BTN7,012e17245b2546c979edcab613da962b705cd332204f8d2612c63ea03b817e81,154102,backfill/archive/hyperstack/20251215210722.html.gz,16,16
hyperstack,20251231152905,https://www.hyperstack.cloud/gpu-pricing,https://web.archive.org/web/20251231152905id_/https://www.hyperstack.cloud/gpu-pricing,LLXVNTRXTO7IB2DIIZ5TMI5RUTGERKZJ,329d5327a80f573dd0654096228bfb134dc820204097cd4020a3417d479f692e,151400,backfill/archive/hyperstack/20251231152905.html.gz,16,16
hyperstack,20260112101254,https://www.hyperstack.cloud/gpu-pricing,https://web.archive.org/web/20260112101254id_/https://www.hyperstack.cloud/gpu-pricing,EBOZAQEU774M2AA3MTMVLCM3KBR66PUY,63dbdc1db8f20358d51d504daddd959f0fd7347c037040bdc92d3eee335a1c6e,151400,backfill/archive/hyperstack/20260112101254.html.gz,16,16
hyperstack,20260208141007,https://www.hyperstack.cloud/gpu-pricing,https://web.archive.org/web/20260208141007id_/https://www.hyperstack.cloud/gpu-pricing,M32LVZHH6HIOUHA4MSGTW5243D2WHS4F,82fdfa8191e36ad02503ef9adde64c5b9ea974288b2653b394a6de4985b9bd2f,151631,backfill/archive/hyperstack/20260208141007.html.gz,16,16
hyperstack,20260414062405,https://www.hyperstack.cloud/gpu-pricing,https://web.archive.org/web/20260414062405id_/https://www.hyperstack.cloud/gpu-pricing,JRKNRVLMIN4ARPA5GT4MUS6LZFLKM6XP,0fa469819cbc68b5cbfc4a59a8cf940ded91200447d3f45af73bbfc3e5037351,153035,backfill/archive/hyperstack/20260414062405.html.gz,16,16
hyperstack,20260420151636,https://www.hyperstack.cloud/gpu-pricing,https://web.archive.org/web/20260420151636id_/https://www.hyperstack.cloud/gpu-pricing,73Z32EU64NYXOUTYCAOE2RP2HD635JIW,0fa469819cbc68b5cbfc4a59a8cf940ded91200447d3f45af73bbfc3e5037351,153035,backfill/archive/hyperstack/20260420151636.html.gz,16,16
hyperstack,20260609182600,https://www.hyperstack.cloud/gpu-pricing,https://web.archive.org/web/20260609182600id_/https://www.hyperstack.cloud/gpu-pricing,42ZSQKUB2KYXRUGVS4JNSL4ZWFHMMPSX,9fa10b6b505b9b2d028050e9f65866d1a2d8c127243b24a848676cdf7316cce0,153376,backfill/archive/hyperstack/20260609182600.html.gz,16,16
hyperstack,20260715062555,https://www.hyperstack.cloud/gpu-pricing,https://web.archive.org/web/20260715062555id_/https://www.hyperstack.cloud/gpu-pricing,ZQ3ZP4MIWGQG6X7S63Z3DX3M3FG5ID6S,5467cb0a5009d292dabb16420f880ac2afe64e49d387cdcae3db662b4d13a3b9,157850,backfill/archive/hyperstack/20260715062555.html.gz,18,18
hyperstack,20260727103610,https://www.hyperstack.cloud/gpu-pricing,https://web.archive.org/web/20260727103610id_/https://www.hyperstack.cloud/gpu-pricing,BA4JJIUZZXQ5UGI4OY4GJ4AMYU2K7OCC,fb04da374be57ab22f76058b7af61bcdcc051b21735bc4847ae9c35403446278,159246,backfill/archive/hyperstack/20260727103610.html.gz,18,18
hyperstack,20260803103352,https://www.hyperstack.cloud/gpu-pricing,https://web.archive.org/web/20260803103352id_/https://www.hyperstack.cloud/gpu-pricing,MWAQQTA33VTDRBAGKNXPQOBFBR4KMT6M,fb04da374be57ab22f76058b7af61bcdcc051b21735bc4847ae9c35403446278,159246,backfill/archive/hyperstack/20260803103352.html.gz,18,18
hyperstack,20260810082242,https://www.hyperstack.cloud/gpu-pricing,https://web.archive.org/web/20260810082242id_/https://www.hyperstack.cloud/gpu-pricing,2YI3QHTQ4LJRHFXTLFSNJP5VKJHVBOWZ,120b05c44f0ca66205d7edcc24d47a476f727b7d0c8894832b3dbc200995843d,159992,backfill/archive/hyperstack/20260810082242.html.gz,18,18
hyperstack,20260824074909,https://www.hyperstack.cloud/gpu-pricing,https://web.archive.org/web/20260824074909id_/https://www.hyperstack.cloud/gpu-pricing,NSGJDLDDTNYSA7H46B2ZLMCKPCV43P6P,ae41b09eed2276b43b6695c3eedb7f38dd5f0ff51b2718ec90f8aa782e109b98,159190,backfill/archive/hyperstack/20260824074909.html.gz,18,18
hyperstack,20260831143118,https://www.hyperstack.cloud/gpu-pricing,https://web.archive.org/web/20260831143118id_/https://www.hyperstack.cloud/gpu-pricing,6RQHUVQQ4TN422HV7DJUB3QS4WD7YUTF,ed806e0d003a62671f1f6a15ef8f4db268efd34cf922d95e3e88ec36311577bc,159190,backfill/archive/hyperstack/20260831143118.html.gz,18,18
hyperstack,20260911231817,https://www.hyperstack.cloud/gpu-pricing,https://web.archive.org/web/20260911231817id_/https://www.hyperstack.cloud/gpu-pricing,V5CA4STVKTPIEL36XRIKJDBDX5VH2VPR,ed806e0d003a62671f1f6a15ef8f4db268efd34cf922d95e3e88ec36311577bc,159190,backfill/archive/hyperstack/20260911231817.html.gz,18,18
hyperstack,20260914142537,https://www.hyperstack.cloud/gpu-pricing,https://web.archive.org/web/20260914142537id_/https://www.hyperstack.cloud/gpu-pricing,NWDNS5JXUN2HWHQEYVV43RI6FY2QFPGO,ed806e0d003a62671f1f6a15ef8f4db268efd34cf922d95e3e88ec36311577bc,159190,backfill/archive/hyperstack/20260914142537.html.gz,18,18
hyperstack,20260923185251,https://www.hyperstack.cloud/gpu-pricing,https://web.archive.org/web/20260923185251id_/https://www.hyperstack.cloud/gpu-pricing,HFS7YBYXWVPNX2HS5S4LRA5PXBBOZHWV,ed806e0d003a62671f1f6a15ef8f4db268efd34cf922d95e3e88ec36311577bc,159190,backfill/archive/hyperstack/20260923185251.html.gz,18,18
hyperstack,20260930201344,https://www.hyperstack.cloud/gpu-pricing,https://web.archive.org/web/20260930201344id_/https://www.hyperstack.cloud/gpu-pricing,RHBO6PZNPTQMKJAAIKA4JZOKFYQNRTPF,ed806e0d003a62671f1f6a15ef8f4db268efd34cf922d95e3e88ec36311577bc,159190,backfill/archive/hyperstack/20260930201344.html.gz,18,18
nebius,20241115043809,https://nebius.com/prices,https://web.archive.org/web/20241115043809id_/https://nebius.com/prices,2BYCBZAU5F7CJXBXMHIYFADF2H6XUMKC,4abd82c50592e49a3c9d4d9a270e96cf296bded64f6cc9481a44d78ff215ab69,147513,backfill/archive/nebius/20241115043809.html.gz,8,8
nebius,20241122203800,https://nebius.com/prices,https://web.archive.org/web/20241122203800id_/https://nebius.com/prices,6L62KXLOXN242QAMEHGWD36DKPUPKHZQ,7cea2cd68729a97b7eb9e9c2c5d38412faa71f78af5d80a2e0687b143791675e,149683,backfill/archive/nebius/20241122203800.html.gz,8,8
nebius,20241212032803,https://nebius.com/prices,https://web.archive.org/web/20241212032803id_/https://nebius.com/prices,XF3T5OZRYHCELMANOD37X5XLKWTNWME7,ba9a2194fa6e370e7fb342c726c454a2e89229a9ec23d81e38a5afe7cfafeff8,161016,backfill/archive/nebius/20241212032803.html.gz,8,8
nebius,20241218074437,https://nebius.com/prices,https://web.archive.org/web/20241218074437id_/https://nebius.com/prices,3WHRMJVMHQ2ZBKRXIU35XP2K3NKH2BTR,66238347962ddf87f436ebb66a324b346a0834fe19cd753ed2e3e24e9d2cc079,164326,backfill/archive/nebius/20241218074437.html.gz,8,8
nebius,20241224214340,https://nebius.com/prices,https://web.archive.org/web/20241224214340id_/https://nebius.com/prices,5LYTCZCBGP3M6NJM7MFZTQPA44FDBMCC,02e6d10d34b89804fd2cf8747826c04db80925fbe331fa47287532e0bd34fc4a,164727,backfill/archive/nebius/20241224214340.html.gz,8,8
nebius,20250115165501,https://nebius.com/prices,https://web.archive.org/web/20250115165501id_/https://nebius.com/prices,X2FJX3WZC4VN3SDLKGQRFSF53QQG5RT4,3b8e40373810bf2317b0216f6682f6f76a9a96b56b65cf13b47cbd0317c4d2f5,163230,backfill/archive/nebius/20250115165501.html.gz,8,8
nebius,20250123175026,https://nebius.com/prices,https://web.archive.org/web/20250123175026id_/https://nebius.com/prices,64MAJM2SGQXSLNIS63EWQXJ3PIQY6IFT,3a2a5fa78bf97deb4b51e3b0648b4a3e14539ffd0aaa399b5214656aab08ba65,170954,backfill/archive/nebius/20250123175026.html.gz,8,8
nebius,20250305221703,https://nebius.com/prices,https://web.archive.org/web/20250305221703id_/https://nebius.com/prices,BGRWVQL3CDPEPV4AREVIKBSB3GPVQSF6,3aac369b9a250b40c6b617944b2b4e73e332d3518e2f84a2884fbfab77036ac1,176307,backfill/archive/nebius/20250305221703.html.gz,2,2
nebius,20250311202202,https://nebius.com/prices,https://web.archive.org/web/20250311202202id_/https://nebius.com/prices,2ZCOJBGSD3TVKJ467VXI2XTGOBFQ67T7,52744c58b872334517a0691eb6f5d5dda46303a6a7777ae0f829c30ae053793b,177165,backfill/archive/nebius/20250311202202.html.gz,2,2
nebius,20250629224210,https://nebius.com/prices,https://web.archive.org/web/20250629224210id_/https://nebius.com/prices,7DFFPAC5ZDHHCWTWWZ7RBYYIJC5UTAHC,3ac97985f6ab1230dd23443a5fa20639877c7845b54a53e5f23153377f3b42ad,188579,backfill/archive/nebius/20250629224210.html.gz,2,2
nebius,20250725080908,https://nebius.com/prices,https://web.archive.org/web/20250725080908id_/https://nebius.com/prices,VJBQN5NLXOQ6ISLOI7BIJHBEU3HABCWV,8e17bcd454fbefa675edaafddf4130d90397bcc9d79edd8c25816d2c86463620,193231,backfill/archive/nebius/20250725080908.html.gz,3,3
nebius,20250826162436,https://nebius.com/prices,https://web.archive.org/web/20250826162436id_/https://nebius.com/prices,3CYEM36WLZ7YTN7ZVM5HF366KYAF2CQQ,d0ba8086ef3b059199bc939876c229cd377652e162fec9481d78dfe996c6e441,195636,backfill/archive/nebius/20250826162436.html.gz,3,3
nebius,20250917222344,https://nebius.com/prices,https://web.archive.org/web/20250917222344id_/https://nebius.com/prices,E53PZJD4GZ7VFVUWSLRPTV6CUCCLQE3Y,4551e569d99d143a0cb5813159b8a32e49aec7871a972b252aee3e0be992630b,198326,backfill/archive/nebius/20250917222344.html.gz,3,3
nebius,20251020160326,https://nebius.com/prices,https://web.archive.org/web/20251020160326id_/https://nebius.com/prices,WWVI6PC4WLORLQTAGPEVFREXJKOBOUNU,5b84e7893b77035d50dd13c14944a2b37982cc974b5f5c4aa62a8384d04f9834,221874,backfill/archive/nebius/20251020160326.html.gz,3,3
nebius,20251121191852,https://nebius.com/prices,https://web.archive.org/web/20251121191852id_/https://nebius.com/prices,VAA4FOQV4F4ECVILUUUC47TFGAJVU7I5,2a8a3113c8914bc21fd02907890fa15d09b8e657d09b474b01b367dc74b8fa26,226432,backfill/archive/nebius/20251121191852.html.gz,3,3
nebius,20251221162057,https://nebius.com/prices,https://web.archive.org/web/20251221162057id_/https://nebius.com/prices,CQ5SQJOTZWIX3DQ6ICOYLMOXE3HHCOZ2,2163737e5dea7dd0d5564d59829bbf86c68fc1cc397e48fbc9ecbf5f42ceb7b6,32081,backfill/archive/nebius/20251221162057.html.gz,0,0
nebius,20251222191120,https://nebius.com/prices,https://web.archive.org/web/20251222191120id_/https://nebius.com/prices,6M4YEOWRPM4R7HD4J3MD4ZX2D6GXIO3X,61c78068ab53912c4dc58c455f87e183c0d6ecc2ba5e14c5513ade8e62fdfcfa,32117,backfill/archive/nebius/20251222191120.html.gz,0,0
nebius,20260220095958,https://nebius.com/prices,https://web.archive.org/web/20260220095958id_/https://nebius.com/prices,53LYCVFKDOMTMESKFPZC5B5Q5UDBVCAR,f6594e133935121e063ed1fa0732d0e1529e68666ac935d181dd727f6d5dafd6,237451,backfill/archive/nebius/20260220095958.html.gz,3,3
nebius,20260301091903,https://nebius.com/prices,https://web.archive.org/web/20260301091903id_/https://nebius.com/prices,MPJOOCPLODRLVUMAGWSIWXB6WD4XGRJQ,9f4b5d83d8fe99015b4f6e5b5252739d2e32214a8a3691f93060700b62bb6500,239450,backfill/archive/nebius/20260301091903.html.gz,3,3
nebius,20260304092007,https://nebius.com/prices,https://web.archive.org/web/20260304092007id_/https://nebius.com/prices,M7XQQEUL7YZ55XZJUZQMYUIZAJSF3ZSB,f518364832bd9eab8b81c978752dfcff774aa5797792f235eb823106896f0207,239546,backfill/archive/nebius/20260304092007.html.gz,3,3
nebius,20260402090033,https://nebius.com/prices,https://web.archive.org/web/20260402090033id_/https://nebius.com/prices,LCK4ZTIL3WDWABK3MBBMEBXQTXRTJD7Z,4de709a868895bb738712ed6d71fae03a57bd3a417859b7ec8458fb29a722a55,243174,backfill/archive/nebius/20260402090033.html.gz,3,3
nebius,20260712235400,https://nebius.com/prices,https://web.archive.org/web/20260712235400id_/https://nebius.com/prices,6SQQTAADN7CXFEAMHHZC6KSREWV32RPS,2dd5c3a4a9c90d9988c095450ef85c79b0d7ce352233544f1aaddc18f47a8c60,329059,backfill/archive/nebius/20260712235400.html.gz,6,6
nebius,20260729143110,https://nebius.com/prices,https://web.archive.org/web/20260729143110id_/https://nebius.com/prices,VADHCRHV6LU7APMZONQGLTUTR7PSBMUM,186204db0a9bfaec161ee6abf2652be102778c733f394b29d349cc4f5cf6fdac,330211,backfill/archive/nebius/20260729143110.html.gz,6,6
nebius,20260819203018,https://nebius.com/prices,https://web.archive.org/web/20260819203018id_/https://nebius.com/prices,7WZT7GMG6RE3BKO7XYIZ2RGWZGW2PHPB,b5847777e289e03ab61a387abfbc021e9a29d1efa718e97ee8b598d4f020eef3,340747,backfill/archive/nebius/20260819203018.html.gz,6,6
nebius,20260831080700,https://nebius.com/prices,https://web.archive.org/web/20260831080700id_/https://nebius.com/prices,R7RPTUUFCH2KMU4ZCLOSXPNXDB4LQCHK,5beb3fd910032fed6476fcdf2e1eb0dbb023887607ec90df52f4ff633283ac86,286267,backfill/archive/nebius/20260831080700.html.gz,6,6
nebius,20260907065947,https://nebius.com/prices,https://web.archive.org/web/20260907065947id_/https://nebius.com/prices,VOYRXGOFSNX7LY36BLRBIPSCB7K6QH4Z,71b6e77c0a9c35cc28f842440da72cb96a4b1efd6b34b73f3e4d17a8f25f1ba3,290797,backfill/archive/nebius/20260907065947.html.gz,6,6
nebius,20260915165115,https://nebius.com/prices,https://web.archive.org/web/20260915165115id_/https://nebius.com/prices,LJTTOPNWI3EK6WCAJT6WP2MTHLMSQBHM,e4cc1f766c4e1884da196628d92776a5d069e0b750a1aaadb25b22f06ad156ad,256697,backfill/archive/nebius/20260915165115.html.gz,6,6
nebius,20260921070322,https://nebius.com/prices,https://web.archive.org/web/20260921070322id_/https://nebius.com/prices,ORZYGSUR4DBFFSYU4UX5QCN22ULWUYTS,602db616a2d0c5bbab1e30591a6a5bbadd0702fefe0472e8300d0ae7535d351a,258726,backfill/archive/nebius/20260921070322.html.gz,6,6
digitalocean,20241007211522,https://www.digitalocean.com/pricing/gpu-droplets,https://web.archive.org/web/20241007211522id_/https://www.digitalocean.com/pricing/gpu-droplets,J2JVRZDU57BIDUA2MGKYZABL5SHCORRI,3d1c1cb2054e32f03ff591301dffc3bd279bc20a154bd1d631a6877af7b512ca,185629,backfill/archive/digitalocean/20241007211522.html.gz,0,0
digitalocean,20241020202301,https://www.digitalocean.com/pricing/gpu-droplets,https://web.archive.org/web/20241020202301id_/https://www.digitalocean.com/pricing/gpu-droplets,2FONQW6D3TSMZTODYHYPUVRRTLLH2SYC,d095ff7a747d2638c1fc6131baa8a770c0856bc335efdaed0de129acb45da987,188141,backfill/archive/digitalocean/20241020202301.html.gz,3,3
digitalocean,20241211184045,https://www.digitalocean.com/pricing/gpu-droplets,https://web.archive.org/web/20241211184045id_/https://www.digitalocean.com/pricing/gpu-droplets,FKOSJEWO5CN63OJM5FDMJXGI7WVSIMRX,4756ab09bc936838d0c83f65d43f889c782183359ea4ade5b49524573506b130,190696,backfill/archive/digitalocean/20241211184045.html.gz,3,3
digitalocean,20250101234424,https://www.digitalocean.com/pricing/gpu-droplets,https://web.archive.org/web/20250101234424id_/https://www.digitalocean.com/pricing/gpu-droplets,I43YVNAR6XVGGTNA2GEDKP42KRJYKDGC,ffbf392790f0e7a2ce1871c8973c4ca2375aba13f8506c5d6d2d6c5568910b08,190730,backfill/archive/digitalocean/20250101234424.html.gz,3,3
digitalocean,20250114124121,https://www.digitalocean.com/pricing/gpu-droplets,https://web.archive.org/web/20250114124121id_/https://www.digitalocean.com/pricing/gpu-droplets,AL3ZX2WASFSW2TS2CDU6I4RBXUT3GPBO,da27f0d6d49558c6a632d1522eea249bc2a4c6d2c350c649666d360322be2a7a,190654,backfill/archive/digitalocean/20250114124121.html.gz,3,3
digitalocean,20250202112756,https://www.digitalocean.com/pricing/gpu-droplets,https://web.archive.org/web/20250202112756id_/https://www.digitalocean.com/pricing/gpu-droplets,56QBCOGW4WGYLYWKD5YR3Y3FCCTWFXEA,d24497996191739a43593bbbdd5ae1d4cb1e42461aadd6fe5408b63e0481e9f9,188627,backfill/archive/digitalocean/20250202112756.html.gz,3,3
digitalocean,20250307203434,https://www.digitalocean.com/pricing/gpu-droplets,https://web.archive.org/web/20250307203434id_/https://www.digitalocean.com/pricing/gpu-droplets,UQQWDEHLC2HJY3BV65NCCTDXAUL4PBBY,408619c9b752b0f5a0f53238571069ea156aaec992e6b1f44e3c97da404bfe65,188634,backfill/archive/digitalocean/20250307203434.html.gz,3,3
digitalocean,20250707231929,https://www.digitalocean.com/pricing/gpu-droplets,https://web.archive.org/web/20250707231929id_/https://www.digitalocean.com/pricing/gpu-droplets,KOF6ETLZ7I67QV4NYC4JVSGQV4WWGTEY,100c2f03bc0dbcfe53bb398b5391761eac2b8f051079a1583c44a880d68c3439,210838,backfill/archive/digitalocean/20250707231929.html.gz,3,3
digitalocean,20250719151918,https://www.digitalocean.com/pricing/gpu-droplets,https://web.archive.org/web/20250719151918id_/https://www.digitalocean.com/pricing/gpu-droplets,O3R4WLNK43AY5MEL7YNJRKTSEOYTTWVZ,cb257c7f50e81ad80f0c886d66eb606f1279fee6bbfb63017443c1c65db03452,214598,backfill/archive/digitalocean/20250719151918.html.gz,3,3
digitalocean,20250811142328,https://www.digitalocean.com/pricing/gpu-droplets,https://web.archive.org/web/20250811142328id_/https://www.digitalocean.com/pricing/gpu-droplets,2P5BT2LIKP3Z7BLNCAJ7DYBUWTDHZATI,a3ac439d7c7293b6d3e25ee46fd5e95643ecf8490ee5d7cd361de1362418613d,214547,backfill/archive/digitalocean/20250811142328.html.gz,3,3
digitalocean,20250829075143,https://www.digitalocean.com/pricing/gpu-droplets,https://web.archive.org/web/20250829075143id_/https://www.digitalocean.com/pricing/gpu-droplets,TLMSKM46B4E4WD4YWJDVXMWZLQONWSZU,e9a0e2377f559735cee9c582f6304e83e073f517ef17f83aa1937ec0ddb0363c,220960,backfill/archive/digitalocean/20250829075143.html.gz,5,5
digitalocean,20250929183746,https://www.digitalocean.com/pricing/gpu-droplets,https://web.archive.org/web/20250929183746id_/https://www.digitalocean.com/pricing/gpu-droplets,SG6KPBA3LFJBJWPLCTRVA33XPYPTNBG2,18ca4511a4a1799b4e9b346b60a2debb67a661b5313543ab04917cc319707367,217303,backfill/archive/digitalocean/20250929183746.html.gz,5,5
digitalocean,20251013104827,https://www.digitalocean.com/pricing/gpu-droplets,https://web.archive.org/web/20251013104827id_/https://www.digitalocean.com/pricing/gpu-droplets,LNFGMGCLF7T34WK35YWTNJXVJB5HCHPV,a28b1d1aca52aaa931a636c109d801fbb8971db453d16b6c097d88d498875fbb,217497,backfill/archive/digitalocean/20251013104827.html.gz,5,5
digitalocean,20251105191135,https://www.digitalocean.com/pricing/gpu-droplets,https://web.archive.org/web/20251105191135id_/https://www.digitalocean.com/pricing/gpu-droplets,UP5OFFTCTKI2O4QSL6KIYQMQLZBNVWRK,dc41ceae98203cb6e6e091b9b459be7465d2a530f347dcfb523878d32540eb2e,216921,backfill/archive/digitalocean/20251105191135.html.gz,5,5
digitalocean,20251114052546,https://www.digitalocean.com/pricing/gpu-droplets,https://web.archive.org/web/20251114052546id_/https://www.digitalocean.com/pricing/gpu-droplets,W6HJF5C35ZMK62KOS2WXP6IK4PNRSETB,d6a9e953b55ec006b75feb58dc7f500c7d6a10a94f47826d2c4b726a6f7fa53c,216954,backfill/archive/digitalocean/20251114052546.html.gz,5,5
digitalocean,20251123112516,https://www.digitalocean.com/pricing/gpu-droplets,https://web.archive.org/web/20251123112516id_/https://www.digitalocean.com/pricing/gpu-droplets,QTCX2DUYT6YFFMBCU4DXYHJGJPAE4NAU,5fbf76d592a4468c8e7b0c1f805df2d08cffffddfb69b455e1a4bbf1bcd387ad,219420,backfill/archive/digitalocean/20251123112516.html.gz,3,3
digitalocean,20260114225259,https://www.digitalocean.com/pricing/gpu-droplets,https://web.archive.org/web/20260114225259id_/https://www.digitalocean.com/pricing/gpu-droplets,ATRJYOHHOEXSL5D4EBGTDJOJENPNRRZK,10eafe8815eaee7c6bc0bdef2050e6ff0a1507893f01c2f5be2e7e4b1ee57e08,219985,backfill/archive/digitalocean/20260114225259.html.gz,3,3
digitalocean,20260130002913,https://www.digitalocean.com/pricing/gpu-droplets,https://web.archive.org/web/20260130002913id_/https://www.digitalocean.com/pricing/gpu-droplets,7MKJWV5PWDT43UXTNJJXARCJOYFADFAK,802aef6d5ec9088b67505c809d8b1e369d05fe635fa9756c9d0ce4d185e32ba4,219983,backfill/archive/digitalocean/20260130002913.html.gz,3,3
digitalocean,20260306095551,https://www.digitalocean.com/pricing/gpu-droplets,https://web.archive.org/web/20260306095551id_/https://www.digitalocean.com/pricing/gpu-droplets,IOZ4WGR5ASXRNBE4PI63HSVMLNLLXCDZ,5c5204e40058b488055e4e18ca832cda4d06e81a8ae8ad0a250b02d40d473ca3,223158,backfill/archive/digitalocean/20260306095551.html.gz,3,3
digitalocean,20260405120036,https://www.digitalocean.com/pricing/gpu-droplets,https://web.archive.org/web/20260405120036id_/https://www.digitalocean.com/pricing/gpu-droplets,GNNGBHMUJ5UCM4CJY3PIKR5IVADHXRMR,3f72f0df6fdc2afc10fbbf4abfecf630cc6b33d65fda48f037f8e54c6950605b,204656,backfill/archive/digitalocean/20260405120036.html.gz,3,3
digitalocean,20260503015540,https://www.digitalocean.com/pricing/gpu-droplets,https://web.archive.org/web/20260503015540id_/https://www.digitalocean.com/pricing/gpu-droplets,ONXNYDD7AYMYLPL45LWWLKJ74C4W2QE2,a4583f7d4012337faac89965a0b409e4c12ea8a61eaf083f010bb5c411e320ee,238738,backfill/archive/digitalocean/20260503015540.html.gz,3,3
digitalocean,20260603184431,https://www.digitalocean.com/pricing/gpu-droplets,https://web.archive.org/web/20260603184431id_/https://www.digitalocean.com/pricing/gpu-droplets,EXFHQM2NAZTYLDBZGHOO56YE7KW7ITM4,78dbff5a42ea8cf1dcdbccd5a01e856a146f69785c00d72b72607ce24116a158,254359,backfill/archive/digitalocean/20260603184431.html.gz,3,3
digitalocean,20260614004918,https://www.digitalocean.com/pricing/gpu-droplets,https://web.archive.org/web/20260614004918id_/https://www.digitalocean.com/pricing/gpu-droplets,FCVCHTFPQ6KPMIPFQLHQB5VNXUYEJHXX,4612153772cc97cb3e18d5ddbb52cbf544012df4fc1364a04cc0848201940488,252129,backfill/archive/digitalocean/20260614004918.html.gz,3,3
digitalocean,20260722101048,https://www.digitalocean.com/pricing/gpu-droplets,https://web.archive.org/web/20260722101048id_/https://www.digitalocean.com/pricing/gpu-droplets,TIVOATWDDW2KVAN6XRR3OHCSRE53RA2S,dce69b368f846855b1199965d141fe39c24630d90971b03bbe2984dc20aa2eef,234023,backfill/archive/digitalocean/20260722101048.html.gz,4,4
digitalocean,20260830191030,https://www.digitalocean.com/pricing/gpu-droplets,https://web.archive.org/web/20260830191030id_/https://www.digitalocean.com/pricing/gpu-droplets,HQHBUPAVJYGJDWG5S46QXM5SMKYJN5D2,4b3f27dc6222cd6b7120ac76fb099389954e31706b1dc3afa6f866f3e2b1ebff,244530,backfill/archive/digitalocean/20260830191030.html.gz,4,4
digitalocean,20260915172238,https://www.digitalocean.com/pricing/gpu-droplets,https://web.archive.org/web/20260915172238id_/https://www.digitalocean.com/pricing/gpu-droplets,E2BWYLK6LQLNDBR34AJ4MTDWZS52OFJE,f7a3573697bc88ffef3f57c1919240a641461965856442f496e4fdfa3865a343,247671,backfill/archive/digitalocean/20260915172238.html.gz,4,4
digitalocean,20260923191505,https://www.digitalocean.com/pricing/gpu-droplets,https://web.archive.org/web/20260923191505id_/https://www.digitalocean.com/pricing/gpu-droplets,JVKTE2H7RZARZL7NQ6JADBN2EEQYCCD4,6ff49e2fd525c72034503c3b72521ab399c9c8573e3564893f23b528f68ddbea,245822,backfill/archive/digitalocean/20260923191505.html.gz,4,4
crusoe,20230526182318,https://crusoecloud.com/pricing/,https://web.archive.org/web/20230526182318id_/https://crusoecloud.com/pricing/,GUUKCMW5BI3FFSJVZD7DXVJAYGOGWXTP,7d06cd40a9602df789c09140b8eae3bbfc36ee505dd3b5d0bf49bff0e607786f,36848,backfill/archive/crusoe/20230526182318.html.gz,0,0
crusoe,20240518163723,https://crusoe.ai/cloud/pricing/,https://web.archive.org/web/20240518163723id_/https://crusoe.ai/cloud/pricing/,HWBYX5BQE23NLMXSBVRNI4DYNLNVAU7K,bca16d1b240da088338ac58caa1e2d17c180d2401c3b45e1a176c37111d8b366,41827,backfill/archive/crusoe/20240518163723.html.gz,12,12
crusoe,20241005062800,https://crusoe.ai/cloud/pricing/,https://web.archive.org/web/20241005062800id_/https://crusoe.ai/cloud/pricing/,YVW7LPPDBP7GP5P5RX7LU7SEYI2JGZNK,be75b7c6ffe4fb83ceed732f74c4477e4d1fc5278504a314ffbf9828f01c326b,43745,backfill/archive/crusoe/20241005062800.html.gz,12,12
crusoe,20250521220413,https://crusoe.ai/cloud/pricing,https://web.archive.org/web/20250521220413id_/https://crusoe.ai/cloud/pricing,FFPCA5BQSG2NEHD7XUHKY7KD46PNRMLT,23ae7868335c32bbaa81f5cb18e53e2ba8c728cf943e60fd73ee95d8fe0172e7,70804,backfill/archive/crusoe/20250521220413.html.gz,20,20
crusoe,20250529160531,https://crusoe.ai/cloud/pricing,https://web.archive.org/web/20250529160531id_/https://crusoe.ai/cloud/pricing,X4PFL42UNAK3IPLRTQVPUY5BEITBWPLR,23ae7868335c32bbaa81f5cb18e53e2ba8c728cf943e60fd73ee95d8fe0172e7,70804,backfill/archive/crusoe/20250529160531.html.gz,20,20
crusoe,20250611172935,https://crusoe.ai/cloud/pricing,https://web.archive.org/web/20250611172935id_/https://crusoe.ai/cloud/pricing,IVDE67FFZ2X3P34NWD4337RJVLNIMWOY,6d324779862fe21c4d04fbf001917601ab6833a99762c00ee559cdc2baa29e66,71229,backfill/archive/crusoe/20250611172935.html.gz,20,20
crusoe,20250929194310,https://www.crusoe.ai/cloud/pricing,https://web.archive.org/web/20250929194310id_/https://www.crusoe.ai/cloud/pricing,BN66GOZAIUFEXDK7W4E7SPUFWRSP7J7G,b0b9872c73b0741738950e9294a14b520965d4152de2e4b8ef7a445c393afabf,161086,backfill/archive/crusoe/20250929194310.html.gz,20,20
crusoe,20251215002446,https://www.crusoe.ai/cloud/pricing,https://web.archive.org/web/20251215002446id_/https://www.crusoe.ai/cloud/pricing,VRC2NYRIQR7HJMUKJU4EE6RGWXR7BJ67,2e474f19fc8732c105399ff900137e8bed437a4c32011a45b2779049e36e5d29,170688,backfill/archive/crusoe/20251215002446.html.gz,9,9
crusoe,20251230145415,https://www.crusoe.ai/cloud/pricing,https://web.archive.org/web/20251230145415id_/https://www.crusoe.ai/cloud/pricing,4BVYLANTEZJXQZPFIVWYSMFLHCTCANFZ,89506f61a4f6ddb48b031e3ce3df4a317aba8e608e5f7272625e464c369919cb,175460,backfill/archive/crusoe/20251230145415.html.gz,9,9
crusoe,20260225204158,https://www.crusoe.ai/cloud/pricing,https://web.archive.org/web/20260225204158id_/https://www.crusoe.ai/cloud/pricing,6OWOIATPF46UA6JG23TLSXRVMR342T63,10c6228f35d4c65589d148c27a5f508c0a27dc1bcc5cb53086f3f669c523baa1,187072,backfill/archive/crusoe/20260225204158.html.gz,9,9
crusoe,20260611182403,https://www.crusoe.ai/cloud/pricing,https://web.archive.org/web/20260611182403id_/https://www.crusoe.ai/cloud/pricing,CVFYDGECJL66DAL3VAWWCB4MFDHCNZKS,006f9b75dc772cb1c49c93447acdc37eb483c8e93848b2498eae43dd4f818997,239271,backfill/archive/crusoe/20260611182403.html.gz,4,4
crusoe,20260712234520,https://www.crusoe.ai/cloud/pricing,https://web.archive.org/web/20260712234520id_/https://www.crusoe.ai/cloud/pricing,LC67ZCQF6VGKITHSHQVNPOTOGGWHR5DW,440b5ea0891b33688366a584376bfcdf289752bfafd28b12596fc0d4615781ae,237115,backfill/archive/crusoe/20260712234520.html.gz,4,4
crusoe,20260727103503,https://www.crusoe.ai/cloud/pricing,https://web.archive.org/web/20260727103503id_/https://www.crusoe.ai/cloud/pricing,2FQZRR7M4IYWOW4CZE3B5PHNFQELQMCU,6c7c3d75b5d42ffc8cc23216a9ac4fed0fde1203d00cc9b864d9491f0687aacb,242828,backfill/archive/crusoe/20260727103503.html.gz,4,4
crusoe,20260803103322,https://www.crusoe.ai/cloud/pricing,https://web.archive.org/web/20260803103322id_/https://www.crusoe.ai/cloud/pricing,BU67GL4KMAILL5YWOD3QO3E7DZOGFOU2,20651edf701b1aec160d2950e528c2ab68233a6199fa95fdacd58e7a44c40c3e,244021,backfill/archive/crusoe/20260803103322.html.gz,4,4
crusoe,20260824074829,https://www.crusoe.ai/cloud/pricing,https://web.archive.org/web/20260824074829id_/https://www.crusoe.ai/cloud/pricing,4N243ZELWGXPM3QU4A6K2EXRQIMYTKUT,a0faca23eaf81915d0cb3012e72b66c988f751f2ca3ef5c25ed5d53e667a44d2,248992,backfill/archive/crusoe/20260824074829.html.gz,4,4
crusoe,20260831143048,https://www.crusoe.ai/cloud/pricing,https://web.archive.org/web/20260831143048id_/https://www.crusoe.ai/cloud/pricing,FMZJGII3227X7U7QNDUFBDYYDEXOGHL6,049418959c6ed30333e3d52e2db8f14f526a70bf7a25e43603112a3fad2e6eaa,252891,backfill/archive/crusoe/20260831143048.html.gz,4,4
crusoe,20260915171142,https://www.crusoe.ai/cloud/pricing,https://web.archive.org/web/20260915171142id_/https://www.crusoe.ai/cloud/pricing,ZBRHTIX463NVT5UQQVEGLHNQMYEJFCMM,888008e1f79b9b78a9f5bc40e5857ede3f3b30ed7cda455368770743f05a5127,273512,backfill/archive/crusoe/20260915171142.html.gz,4,4
crusoe,20260921132219,https://www.crusoe.ai/cloud/pricing,https://web.archive.org/web/20260921132219id_/https://www.crusoe.ai/cloud/pricing,2WOTMIQB5L2USMFJTR2NUWSRWBJ6AZFD,20aef35128abecf6c5f174b18d91f8bd68cf00b5792d79e471bee5a3f0e8c316,277090,backfill/archive/crusoe/20260921132219.html.gz,4,4
crusoe,20260928220941,https://www.crusoe.ai/cloud/pricing,https://web.archive.org/web/20260928220941id_/https://www.crusoe.ai/cloud/pricing,OKECWCX7S3HVQF2EWOF6URB2CJNVVDTK,aee2503c189c9345c47093cc3e28f04c478aa3a41f56b861503282dde9e39e95,281653,backfill/archive/crusoe/20260928220941.html.gz,4,4
voltagepark,20250712040631,https://www.voltagepark.com/pricing,https://web.archive.org/web/20250712040631id_/https://www.voltagepark.com/pricing,HDQ2YVK3PXX5SF3UPG7547FSMBRP4ADU,b725f42286092bb568d444a87bf58e14ed12f4f8e43b510862a9a289506156a6,55376,backfill/archive/voltagepark/20250712040631.html.gz,2,2
voltagepark,20250716140350,https://www.voltagepark.com/pricing,https://web.archive.org/web/20250716140350id_/https://www.voltagepark.com/pricing,JI6CGT3RA6QD4NLIKZUWLCKLLRMCKWIL,112b3a44fb66e5762ee9110b4bd6ca923e70bc50ee40e8f858abafe57e499e58,57996,backfill/archive/voltagepark/20250716140350.html.gz,2,2
voltagepark,20250902204348,https://www.voltagepark.com/pricing,https://web.archive.org/web/20250902204348id_/https://www.voltagepark.com/pricing,3XKZVADVVD54CYDS77MNSNNIICOJVMH3,345c525539b28d44cc20d4f75233e70506c49a318926b5c2bfcd2026a40e7383,107129,backfill/archive/voltagepark/20250902204348.html.gz,2,2
voltagepark,20251018235530,https://www.voltagepark.com/pricing,https://web.archive.org/web/20251018235530id_/https://www.voltagepark.com/pricing,K4U6NKEKWMMTAGHQ4CKKEJRHBITAX5HV,0986a08392713b02fea2db57607e3f2035f1a58bec4e8027fec7e272ec1a02c3,133872,backfill/archive/voltagepark/20251018235530.html.gz,2,2
voltagepark,20251120030034,https://www.voltagepark.com/pricing,https://web.archive.org/web/20251120030034id_/https://www.voltagepark.com/pricing,GWGK4UNXXURWOL5QLNLYXXD7KJJKHQ4S,3d0e6e00e51de521d9b8bb5137bee7d40a50313b5942850d1518af65b633089e,173958,backfill/archive/voltagepark/20251120030034.html.gz,2,2
voltagepark,20260115213201,https://www.voltagepark.com/pricing,https://web.archive.org/web/20260115213201id_/https://www.voltagepark.com/pricing,35VXGB42S5WNMNA3B54GPGXZNJ7WDK4T,d1d56733fd088a4c40684a149f14437f11e4539baee39681ecb7444790341cf1,178639,backfill/archive/voltagepark/20260115213201.html.gz,2,2
voltagepark,20260227173346,https://www.voltagepark.com/pricing,https://web.archive.org/web/20260227173346id_/https://www.voltagepark.com/pricing,TYQD6TVU4B4DBDVI7SC7QH7PW2BZ6FID,ff130826a40370b3727203a56be1e117e9a6153c96410c7cf180ea6faca60dd7,178587,backfill/archive/voltagepark/20260227173346.html.gz,2,2
voltagepark,20260411023355,https://www.voltagepark.com/pricing,https://web.archive.org/web/20260411023355id_/https://www.voltagepark.com/pricing,DGGIIY7MDTNU3ADLUMSAVTJCYU3EC4QQ,ff130826a40370b3727203a56be1e117e9a6153c96410c7cf180ea6faca60dd7,178587,backfill/archive/voltagepark/20260411023355.html.gz,2,2
voltagepark,20260521015823,https://www.voltagepark.com/pricing,https://web.archive.org/web/20260521015823id_/https://www.voltagepark.com/pricing,KH5VY52IPR3POWVRO4E7ALMCF6GSLUJR,97f97b3eb9c12a67191862de02080e070f9f2aead5ed8f2ae4d3eb911602bd01,178686,backfill/archive/voltagepark/20260521015823.html.gz,2,2
voltagepark,20260610124553,https://www.voltagepark.com/pricing,https://web.archive.org/web/20260610124553id_/https://www.voltagepark.com/pricing,NDI3DII2YUUAFRBMF3TDRQRX67WIBB4M,746724ac322370c3d1086bc4a3bd1876fb55706355818d5fbcad416c5313ee3d,178649,backfill/archive/voltagepark/20260610124553.html.gz,2,2
voltagepark,20260712235022,https://www.voltagepark.com/pricing,https://web.archive.org/web/20260712235022id_/https://www.voltagepark.com/pricing,QOWVQBGBFSFMWQ76AUFQGNFXGA73RW6Q,b0915b971173a18ca56bfa11f16eaa80f60d2d22d9b24bb204307001ab45470f,178548,backfill/archive/voltagepark/20260712235022.html.gz,0,0
voltagepark,20260824075016,https://voltagepark.com/pricing,https://web.archive.org/web/20260824075016id_/https://voltagepark.com/pricing,HPF7335DW6A6KH4VHWDVZ32KLAJ6GAG2,bdb6b3b079e8f8a14bac1b7eaf2ead1f98ce44bf0382f9e9796522d9a665f7d9,178612,backfill/archive/voltagepark/20260824075016.html.gz,0,0
voltagepark,20260912055459,https://voltagepark.com/pricing,https://web.archive.org/web/20260912055459id_/https://voltagepark.com/pricing,HPF7335DW6A6KH4VHWDVZ32KLAJ6GAG2,bdb6b3b079e8f8a14bac1b7eaf2ead1f98ce44bf0382f9e9796522d9a665f7d9,178612,backfill/archive/voltagepark/20260912055459.html.gz,0,0
voltagepark,20260923185359,https://voltagepark.com/pricing,https://web.archive.org/web/20260923185359id_/https://voltagepark.com/pricing,HPF7335DW6A6KH4VHWDVZ32KLAJ6GAG2,bdb6b3b079e8f8a14bac1b7eaf2ead1f98ce44bf0382f9e9796522d9a665f7d9,178612,backfill/archive/voltagepark/20260923185359.html.gz,0,0
voltagepark,20260928143227,https://voltagepark.com/pricing,https://web.archive.org/web/20260928143227id_/https://voltagepark.com/pricing,HPF7335DW6A6KH4VHWDVZ32KLAJ6GAG2,bdb6b3b079e8f8a14bac1b7eaf2ead1f98ce44bf0382f9e9796522d9a665f7d9,178612,backfill/archive/voltagepark/20260928143227.html.gz,0,0
