period,index_code,status,value,provider_count,observation_count,snapshot_count,dispersion,min_provider_value,max_provider_value,providers,withheld_reason,flags,raw_on_demand_median,reserved_raw_median,reserved_providers,spot_raw_median,spot_providers,matched_providers,matched_log_change,methodology_version,label
2022-12-26,GIX-H100,withheld,,0,0,0,,,,,min_providers: 0 of 3 required,,,,0,,0,0,,1.1.0,"reconstructed from archived public rate cards; list prices, not transactions; not the index"
2022-12-26,GIX-H200,withheld,,0,0,0,,,,,min_providers: 0 of 3 required,,,,0,,0,0,,1.1.0,"reconstructed from archived public rate cards; list prices, not transactions; not the index"
2022-12-26,GIX-B200,withheld,,0,0,0,,,,,min_providers: 0 of 3 required,,,,0,,0,0,,1.1.0,"reconstructed from archived public rate cards; list prices, not transactions; not the index"
2022-12-26,GIX-A100,withheld,,0,0,0,,,,,min_providers: 0 of 3 required,,,,0,,0,0,,1.1.0,"reconstructed from archived public rate cards; list prices, not transactions; not the index"
2023-01-02,GIX-H100,withheld,,0,0,0,,,,,min_providers: 0 of 3 required,,,,0,,0,0,,1.1.0,"reconstructed from archived public rate cards; list prices, not transactions; not the index"
2023-01-02,GIX-H200,withheld,,0,0,0,,,,,min_providers: 0 of 3 required,,,,0,,0,0,,1.1.0,"reconstructed from archived public rate cards; list prices, not transactions; not the index"
2023-01-02,GIX-B200,withheld,,0,0,0,,,,,min_providers: 0 of 3 required,,,,0,,0,0,,1.1.0,"reconstructed from archived public rate cards; list prices, not transactions; not the index"
2023-01-02,GIX-A100,withheld,,0,0,0,,,,,min_providers: 0 of 3 required,,,,0,,0,0,,1.1.0,"reconstructed from archived public rate cards; list prices, not transactions; not the index"
2023-01-09,GIX-H100,withheld,,0,0,0,,,,,min_providers: 0 of 3 required,,,,0,,0,0,,1.1.0,"reconstructed from archived public rate cards; list prices, not transactions; not the index"
2023-01-09,GIX-H200,withheld,,0,0,0,,,,,min_providers: 0 of 3 required,,,,0,,0,0,,1.1.0,"reconstructed from archived public rate cards; list prices, not transactions; not the index"
2023-01-09,GIX-B200,withheld,,0,0,0,,,,,min_providers: 0 of 3 required,,,,0,,0,0,,1.1.0,"reconstructed from archived public rate cards; list prices, not transactions; not the index"
2023-01-09,GIX-A100,withheld,,1,17,1,,4.3582,4.3582,fluidstack=4.358,min_providers: 1 of 3 required,,4.1000,2.9300,1,,0,0,,1.1.0,"reconstructed from archived public rate cards; list prices, not transactions; not the index"
2023-01-16,GIX-H100,withheld,,0,0,0,,,,,min_providers: 0 of 3 required,,,,0,,0,0,,1.1.0,"reconstructed from archived public rate cards; list prices, not transactions; not the index"
2023-01-16,GIX-H200,withheld,,0,0,0,,,,,min_providers: 0 of 3 required,,,,0,,0,0,,1.1.0,"reconstructed from archived public rate cards; list prices, not transactions; not the index"
2023-01-16,GIX-B200,withheld,,0,0,0,,,,,min_providers: 0 of 3 required,,,,0,,0,0,,1.1.0,"reconstructed from archived public rate cards; list prices, not transactions; not the index"
2023-01-16,GIX-A100,withheld,,0,0,0,,,,,min_providers: 0 of 3 required,,,,0,,0,0,,1.1.0,"reconstructed from archived public rate cards; list prices, not transactions; not the index"
2023-01-23,GIX-H100,withheld,,0,0,0,,,,,min_providers: 0 of 3 required,,,,0,,0,0,,1.1.0,"reconstructed from archived public rate cards; list prices, not transactions; not the index"
2023-01-23,GIX-H200,withheld,,0,0,0,,,,,min_providers: 0 of 3 required,,,,0,,0,0,,1.1.0,"reconstructed from archived public rate cards; list prices, not transactions; not the index"
2023-01-23,GIX-B200,withheld,,0,0,0,,,,,min_providers: 0 of 3 required,,,,0,,0,0,,1.1.0,"reconstructed from archived public rate cards; list prices, not transactions; not the index"
2023-01-23,GIX-A100,withheld,,0,0,0,,,,,min_providers: 0 of 3 required,,,,0,,0,0,,1.1.0,"reconstructed from archived public rate cards; list prices, not transactions; not the index"
2023-01-30,GIX-H100,withheld,,0,0,0,,,,,min_providers: 0 of 3 required,,,,0,,0,0,,1.1.0,"reconstructed from archived public rate cards; list prices, not transactions; not the index"
2023-01-30,GIX-H200,withheld,,0,0,0,,,,,min_providers: 0 of 3 required,,,,0,,0,0,,1.1.0,"reconstructed from archived public rate cards; list prices, not transactions; not the index"
2023-01-30,GIX-B200,withheld,,0,0,0,,,,,min_providers: 0 of 3 required,,,,0,,0,0,,1.1.0,"reconstructed from archived public rate cards; list prices, not transactions; not the index"
2023-01-30,GIX-A100,withheld,,1,1,1,,1.7331,1.7331,lambda=1.733,min_providers: 1 of 3 required,,1.5000,1.2644,1,,0,0,,1.1.0,"reconstructed from archived public rate cards; list prices, not transactions; not the index"
2023-02-06,GIX-H100,withheld,,0,0,0,,,,,min_providers: 0 of 3 required,,,,0,,0,0,,1.1.0,"reconstructed from archived public rate cards; list prices, not transactions; not the index"
2023-02-06,GIX-H200,withheld,,0,0,0,,,,,min_providers: 0 of 3 required,,,,0,,0,0,,1.1.0,"reconstructed from archived public rate cards; list prices, not transactions; not the index"
2023-02-06,GIX-B200,withheld,,0,0,0,,,,,min_providers: 0 of 3 required,,,,0,,0,0,,1.1.0,"reconstructed from archived public rate cards; list prices, not transactions; not the index"
2023-02-06,GIX-A100,withheld,,0,0,0,,,,,min_providers: 0 of 3 required,,,,0,,0,0,,1.1.0,"reconstructed from archived public rate cards; list prices, not transactions; not the index"
2023-02-13,GIX-H100,withheld,,0,0,0,,,,,min_providers: 0 of 3 required,,,,0,,0,0,,1.1.0,"reconstructed from archived public rate cards; list prices, not transactions; not the index"
2023-02-13,GIX-H200,withheld,,0,0,0,,,,,min_providers: 0 of 3 required,,,,0,,0,0,,1.1.0,"reconstructed from archived public rate cards; list prices, not transactions; not the index"
2023-02-13,GIX-B200,withheld,,0,0,0,,,,,min_providers: 0 of 3 required,,,,0,,0,0,,1.1.0,"reconstructed from archived public rate cards; list prices, not transactions; not the index"
2023-02-13,GIX-A100,withheld,,1,1,1,,1.7331,1.7331,lambda=1.733,min_providers: 1 of 3 required,,1.5000,1.2644,1,,0,0,,1.1.0,"reconstructed from archived public rate cards; list prices, not transactions; not the index"
2023-02-20,GIX-H100,withheld,,0,0,0,,,,,min_providers: 0 of 3 required,,,,0,,0,0,,1.1.0,"reconstructed from archived public rate cards; list prices, not transactions; not the index"
2023-02-20,GIX-H200,withheld,,0,0,0,,,,,min_providers: 0 of 3 required,,,,0,,0,0,,1.1.0,"reconstructed from archived public rate cards; list prices, not transactions; not the index"
2023-02-20,GIX-B200,withheld,,0,0,0,,,,,min_providers: 0 of 3 required,,,,0,,0,0,,1.1.0,"reconstructed from archived public rate cards; list prices, not transactions; not the index"
2023-02-20,GIX-A100,withheld,,0,0,0,,,,,min_providers: 0 of 3 required,,,,0,,0,0,,1.1.0,"reconstructed from archived public rate cards; list prices, not transactions; not the index"
2023-02-27,GIX-H100,withheld,,0,0,0,,,,,min_providers: 0 of 3 required,,,,0,,0,0,,1.1.0,"reconstructed from archived public rate cards; list prices, not transactions; not the index"
2023-02-27,GIX-H200,withheld,,0,0,0,,,,,min_providers: 0 of 3 required,,,,0,,0,0,,1.1.0,"reconstructed from archived public rate cards; list prices, not transactions; not the index"
2023-02-27,GIX-B200,withheld,,0,0,0,,,,,min_providers: 0 of 3 required,,,,0,,0,0,,1.1.0,"reconstructed from archived public rate cards; list prices, not transactions; not the index"
2023-02-27,GIX-A100,withheld,,2,2,2,,1.7331,2.6092,lambda=1.733;runpod=2.609,min_providers: 2 of 3 required,,1.7950,1.2644,1,1.3900,1,0,,1.1.0,"reconstructed from archived public rate cards; list prices, not transactions; not the index"
2023-03-06,GIX-H100,withheld,,0,0,0,,,,,min_providers: 0 of 3 required,,,,0,,0,0,,1.1.0,"reconstructed from archived public rate cards; list prices, not transactions; not the index"
2023-03-06,GIX-H200,withheld,,0,0,0,,,,,min_providers: 0 of 3 required,,,,0,,0,0,,1.1.0,"reconstructed from archived public rate cards; list prices, not transactions; not the index"
2023-03-06,GIX-B200,withheld,,0,0,0,,,,,min_providers: 0 of 3 required,,,,0,,0,0,,1.1.0,"reconstructed from archived public rate cards; list prices, not transactions; not the index"
2023-03-06,GIX-A100,withheld,,0,0,0,,,,,min_providers: 0 of 3 required,,,,0,,0,0,,1.1.0,"reconstructed from archived public rate cards; list prices, not transactions; not the index"
2023-03-13,GIX-H100,withheld,,0,0,0,,,,,min_providers: 0 of 3 required,,,,0,,0,0,,1.1.0,"reconstructed from archived public rate cards; list prices, not transactions; not the index"
2023-03-13,GIX-H200,withheld,,0,0,0,,,,,min_providers: 0 of 3 required,,,,0,,0,0,,1.1.0,"reconstructed from archived public rate cards; list prices, not transactions; not the index"
2023-03-13,GIX-B200,withheld,,0,0,0,,,,,min_providers: 0 of 3 required,,,,0,,0,0,,1.1.0,"reconstructed from archived public rate cards; list prices, not transactions; not the index"
2023-03-13,GIX-A100,withheld,,1,1,1,,1.7331,1.7331,lambda=1.733,min_providers: 1 of 3 required,,1.5000,2.0972,2,,0,0,,1.1.0,"reconstructed from archived public rate cards; list prices, not transactions; not the index"
2023-03-20,GIX-H100,withheld,,0,0,0,,,,,min_providers: 0 of 3 required,,,,0,,0,0,,1.1.0,"reconstructed from archived public rate cards; list prices, not transactions; not the index"
2023-03-20,GIX-H200,withheld,,0,0,0,,,,,min_providers: 0 of 3 required,,,,0,,0,0,,1.1.0,"reconstructed from archived public rate cards; list prices, not transactions; not the index"
2023-03-20,GIX-B200,withheld,,0,0,0,,,,,min_providers: 0 of 3 required,,,,0,,0,0,,1.1.0,"reconstructed from archived public rate cards; list prices, not transactions; not the index"
2023-03-20,GIX-A100,withheld,,0,0,0,,,,,min_providers: 0 of 3 required,,,,0,,0,0,,1.1.0,"reconstructed from archived public rate cards; list prices, not transactions; not the index"
2023-03-27,GIX-H100,withheld,,0,0,0,,,,,min_providers: 0 of 3 required,,,,0,,0,0,,1.1.0,"reconstructed from archived public rate cards; list prices, not transactions; not the index"
2023-03-27,GIX-H200,withheld,,0,0,0,,,,,min_providers: 0 of 3 required,,,,0,,0,0,,1.1.0,"reconstructed from archived public rate cards; list prices, not transactions; not the index"
2023-03-27,GIX-B200,withheld,,0,0,0,,,,,min_providers: 0 of 3 required,,,,0,,0,0,,1.1.0,"reconstructed from archived public rate cards; list prices, not transactions; not the index"
2023-03-27,GIX-A100,withheld,,0,0,0,,,,,min_providers: 0 of 3 required,,,,0,,0,0,,1.1.0,"reconstructed from archived public rate cards; list prices, not transactions; not the index"
2023-04-03,GIX-H100,withheld,,0,0,0,,,,,min_providers: 0 of 3 required,,,,0,,0,0,,1.1.0,"reconstructed from archived public rate cards; list prices, not transactions; not the index"
2023-04-03,GIX-H200,withheld,,0,0,0,,,,,min_providers: 0 of 3 required,,,,0,,0,0,,1.1.0,"reconstructed from archived public rate cards; list prices, not transactions; not the index"
2023-04-03,GIX-B200,withheld,,0,0,0,,,,,min_providers: 0 of 3 required,,,,0,,0,0,,1.1.0,"reconstructed from archived public rate cards; list prices, not transactions; not the index"
2023-04-03,GIX-A100,withheld,,1,1,1,,1.7331,1.7331,lambda=1.733,min_providers: 1 of 3 required,,1.5000,1.2644,1,,0,0,,1.1.0,"reconstructed from archived public rate cards; list prices, not transactions; not the index"
2023-04-10,GIX-H100,withheld,,0,0,0,,,,,min_providers: 0 of 3 required,,,,0,,0,0,,1.1.0,"reconstructed from archived public rate cards; list prices, not transactions; not the index"
2023-04-10,GIX-H200,withheld,,0,0,0,,,,,min_providers: 0 of 3 required,,,,0,,0,0,,1.1.0,"reconstructed from archived public rate cards; list prices, not transactions; not the index"
2023-04-10,GIX-B200,withheld,,0,0,0,,,,,min_providers: 0 of 3 required,,,,0,,0,0,,1.1.0,"reconstructed from archived public rate cards; list prices, not transactions; not the index"
2023-04-10,GIX-A100,withheld,,0,0,0,,,,,min_providers: 0 of 3 required,,,,0,,0,0,,1.1.0,"reconstructed from archived public rate cards; list prices, not transactions; not the index"
2023-04-17,GIX-H100,withheld,,0,0,0,,,,,min_providers: 0 of 3 required,,,,0,,0,0,,1.1.0,"reconstructed from archived public rate cards; list prices, not transactions; not the index"
2023-04-17,GIX-H200,withheld,,0,0,0,,,,,min_providers: 0 of 3 required,,,,0,,0,0,,1.1.0,"reconstructed from archived public rate cards; list prices, not transactions; not the index"
2023-04-17,GIX-B200,withheld,,0,0,0,,,,,min_providers: 0 of 3 required,,,,0,,0,0,,1.1.0,"reconstructed from archived public rate cards; list prices, not transactions; not the index"
2023-04-17,GIX-A100,withheld,,0,0,0,,,,,min_providers: 0 of 3 required,,,,0,,0,0,,1.1.0,"reconstructed from archived public rate cards; list prices, not transactions; not the index"
2023-04-24,GIX-H100,withheld,,0,0,0,,,,,min_providers: 0 of 3 required,,,,0,,0,0,,1.1.0,"reconstructed from archived public rate cards; list prices, not transactions; not the index"
2023-04-24,GIX-H200,withheld,,0,0,0,,,,,min_providers: 0 of 3 required,,,,0,,0,0,,1.1.0,"reconstructed from archived public rate cards; list prices, not transactions; not the index"
2023-04-24,GIX-B200,withheld,,0,0,0,,,,,min_providers: 0 of 3 required,,,,0,,0,0,,1.1.0,"reconstructed from archived public rate cards; list prices, not transactions; not the index"
2023-04-24,GIX-A100,withheld,,2,3,2,,1.7331,2.2348,lambda=1.733;runpod=2.235,min_providers: 2 of 3 required,,2.0400,1.2644,1,1.8900,1,0,,1.1.0,"reconstructed from archived public rate cards; list prices, not transactions; not the index"
2023-05-01,GIX-H100,withheld,,0,0,0,,,,,min_providers: 0 of 3 required,,,,0,,0,0,,1.1.0,"reconstructed from archived public rate cards; list prices, not transactions; not the index"
2023-05-01,GIX-H200,withheld,,0,0,0,,,,,min_providers: 0 of 3 required,,,,0,,0,0,,1.1.0,"reconstructed from archived public rate cards; list prices, not transactions; not the index"
2023-05-01,GIX-B200,withheld,,0,0,0,,,,,min_providers: 0 of 3 required,,,,0,,0,0,,1.1.0,"reconstructed from archived public rate cards; list prices, not transactions; not the index"
2023-05-01,GIX-A100,withheld,,1,1,1,,1.7331,1.7331,lambda=1.733,min_providers: 1 of 3 required,,1.5000,1.2644,1,,0,1,,1.1.0,"reconstructed from archived public rate cards; list prices, not transactions; not the index"
2023-05-08,GIX-H100,withheld,,1,1,1,,2.9963,2.9963,lambda=2.996,min_providers: 1 of 3 required,,2.4000,,0,,0,0,,1.1.0,"reconstructed from archived public rate cards; list prices, not transactions; not the index"
2023-05-08,GIX-H200,withheld,,0,0,0,,,,,min_providers: 0 of 3 required,,,,0,,0,0,,1.1.0,"reconstructed from archived public rate cards; list prices, not transactions; not the index"
2023-05-08,GIX-B200,withheld,,0,0,0,,,,,min_providers: 0 of 3 required,,,,0,,0,0,,1.1.0,"reconstructed from archived public rate cards; list prices, not transactions; not the index"
2023-05-08,GIX-A100,withheld,,1,1,1,,1.7331,1.7331,lambda=1.733,min_providers: 1 of 3 required,,1.5000,1.2644,1,,0,1,,1.1.0,"reconstructed from archived public rate cards; list prices, not transactions; not the index"
2023-05-15,GIX-H100,withheld,,0,0,0,,,,,min_providers: 0 of 3 required,,,,0,,0,0,,1.1.0,"reconstructed from archived public rate cards; list prices, not transactions; not the index"
2023-05-15,GIX-H200,withheld,,0,0,0,,,,,min_providers: 0 of 3 required,,,,0,,0,0,,1.1.0,"reconstructed from archived public rate cards; list prices, not transactions; not the index"
2023-05-15,GIX-B200,withheld,,0,0,0,,,,,min_providers: 0 of 3 required,,,,0,,0,0,,1.1.0,"reconstructed from archived public rate cards; list prices, not transactions; not the index"
2023-05-15,GIX-A100,withheld,,1,1,1,,3.2846,3.2846,paperspace=3.285,min_providers: 1 of 3 required,,3.0900,,0,,0,0,,1.1.0,"reconstructed from archived public rate cards; list prices, not transactions; not the index"
2023-05-22,GIX-H100,withheld,,0,0,0,,,,,min_providers: 0 of 3 required,,,,0,,0,0,,1.1.0,"reconstructed from archived public rate cards; list prices, not transactions; not the index"
2023-05-22,GIX-H200,withheld,,0,0,0,,,,,min_providers: 0 of 3 required,,,,0,,0,0,,1.1.0,"reconstructed from archived public rate cards; list prices, not transactions; not the index"
2023-05-22,GIX-B200,withheld,,0,0,0,,,,,min_providers: 0 of 3 required,,,,0,,0,0,,1.1.0,"reconstructed from archived public rate cards; list prices, not transactions; not the index"
2023-05-22,GIX-A100,withheld,,0,0,0,,,,,min_providers: 0 of 3 required,,,,0,,0,0,,1.1.0,"reconstructed from archived public rate cards; list prices, not transactions; not the index"
2023-05-29,GIX-H100,withheld,,0,0,0,,,,,min_providers: 0 of 3 required,,,,0,,0,0,,1.1.0,"reconstructed from archived public rate cards; list prices, not transactions; not the index"
2023-05-29,GIX-H200,withheld,,0,0,0,,,,,min_providers: 0 of 3 required,,,,0,,0,0,,1.1.0,"reconstructed from archived public rate cards; list prices, not transactions; not the index"
2023-05-29,GIX-B200,withheld,,0,0,0,,,,,min_providers: 0 of 3 required,,,,0,,0,0,,1.1.0,"reconstructed from archived public rate cards; list prices, not transactions; not the index"
2023-05-29,GIX-A100,withheld,,0,0,0,,,,,min_providers: 0 of 3 required,,,,0,,0,0,,1.1.0,"reconstructed from archived public rate cards; list prices, not transactions; not the index"
2023-06-05,GIX-H100,withheld,,0,0,0,,,,,min_providers: 0 of 3 required,,,,0,,0,0,,1.1.0,"reconstructed from archived public rate cards; list prices, not transactions; not the index"
2023-06-05,GIX-H200,withheld,,0,0,0,,,,,min_providers: 0 of 3 required,,,,0,,0,0,,1.1.0,"reconstructed from archived public rate cards; list prices, not transactions; not the index"
2023-06-05,GIX-B200,withheld,,0,0,0,,,,,min_providers: 0 of 3 required,,,,0,,0,0,,1.1.0,"reconstructed from archived public rate cards; list prices, not transactions; not the index"
2023-06-05,GIX-A100,withheld,,0,0,0,,,,,min_providers: 0 of 3 required,,,,0,,0,0,,1.1.0,"reconstructed from archived public rate cards; list prices, not transactions; not the index"
2023-06-12,GIX-H100,withheld,,0,0,0,,,,,min_providers: 0 of 3 required,,,,0,,0,0,,1.1.0,"reconstructed from archived public rate cards; list prices, not transactions; not the index"
2023-06-12,GIX-H200,withheld,,0,0,0,,,,,min_providers: 0 of 3 required,,,,0,,0,0,,1.1.0,"reconstructed from archived public rate cards; list prices, not transactions; not the index"
2023-06-12,GIX-B200,withheld,,0,0,0,,,,,min_providers: 0 of 3 required,,,,0,,0,0,,1.1.0,"reconstructed from archived public rate cards; list prices, not transactions; not the index"
2023-06-12,GIX-A100,withheld,,0,0,0,,,,,min_providers: 0 of 3 required,,,,0,,0,0,,1.1.0,"reconstructed from archived public rate cards; list prices, not transactions; not the index"
2023-06-19,GIX-H100,withheld,,0,0,0,,,,,min_providers: 0 of 3 required,,,,0,,0,0,,1.1.0,"reconstructed from archived public rate cards; list prices, not transactions; not the index"
2023-06-19,GIX-H200,withheld,,0,0,0,,,,,min_providers: 0 of 3 required,,,,0,,0,0,,1.1.0,"reconstructed from archived public rate cards; list prices, not transactions; not the index"
2023-06-19,GIX-B200,withheld,,0,0,0,,,,,min_providers: 0 of 3 required,,,,0,,0,0,,1.1.0,"reconstructed from archived public rate cards; list prices, not transactions; not the index"
2023-06-19,GIX-A100,withheld,,0,0,0,,,,,min_providers: 0 of 3 required,,,,0,,0,0,,1.1.0,"reconstructed from archived public rate cards; list prices, not transactions; not the index"
2023-06-26,GIX-H100,withheld,,0,0,0,,,,,min_providers: 0 of 3 required,,,,0,,0,0,,1.1.0,"reconstructed from archived public rate cards; list prices, not transactions; not the index"
2023-06-26,GIX-H200,withheld,,0,0,0,,,,,min_providers: 0 of 3 required,,,,0,,0,0,,1.1.0,"reconstructed from archived public rate cards; list prices, not transactions; not the index"
2023-06-26,GIX-B200,withheld,,0,0,0,,,,,min_providers: 0 of 3 required,,,,0,,0,0,,1.1.0,"reconstructed from archived public rate cards; list prices, not transactions; not the index"
2023-06-26,GIX-A100,withheld,,0,0,0,,,,,min_providers: 0 of 3 required,,,,0,,0,0,,1.1.0,"reconstructed from archived public rate cards; list prices, not transactions; not the index"
2023-07-03,GIX-H100,withheld,,1,1,1,,2.4844,2.4844,lambda=2.484,min_providers: 1 of 3 required,,1.9900,3.3700,1,,0,0,,1.1.0,"reconstructed from archived public rate cards; list prices, not transactions; not the index"
2023-07-03,GIX-H200,withheld,,0,0,0,,,,,min_providers: 0 of 3 required,,,,0,,0,0,,1.1.0,"reconstructed from archived public rate cards; list prices, not transactions; not the index"
2023-07-03,GIX-B200,withheld,,0,0,0,,,,,min_providers: 0 of 3 required,,,,0,,0,0,,1.1.0,"reconstructed from archived public rate cards; list prices, not transactions; not the index"
2023-07-03,GIX-A100,withheld,,2,2,2,,1.7331,3.2846,lambda=1.733;paperspace=3.285,min_providers: 2 of 3 required,,2.2950,,0,,0,0,,1.1.0,"reconstructed from archived public rate cards; list prices, not transactions; not the index"
2023-07-10,GIX-H100,withheld,,1,1,1,,2.4844,2.4844,lambda=2.484,min_providers: 1 of 3 required,,1.9900,,0,,0,1,,1.1.0,"reconstructed from archived public rate cards; list prices, not transactions; not the index"
2023-07-10,GIX-H200,withheld,,0,0,0,,,,,min_providers: 0 of 3 required,,,,0,,0,0,,1.1.0,"reconstructed from archived public rate cards; list prices, not transactions; not the index"
2023-07-10,GIX-B200,withheld,,0,0,0,,,,,min_providers: 0 of 3 required,,,,0,,0,0,,1.1.0,"reconstructed from archived public rate cards; list prices, not transactions; not the index"
2023-07-10,GIX-A100,withheld,,2,2,2,,1.7331,3.2846,lambda=1.733;paperspace=3.285,min_providers: 2 of 3 required,,2.2950,1.2644,1,,0,2,,1.1.0,"reconstructed from archived public rate cards; list prices, not transactions; not the index"
2023-07-17,GIX-H100,withheld,,0,0,0,,,,,min_providers: 0 of 3 required,,,,0,,0,0,,1.1.0,"reconstructed from archived public rate cards; list prices, not transactions; not the index"
2023-07-17,GIX-H200,withheld,,0,0,0,,,,,min_providers: 0 of 3 required,,,,0,,0,0,,1.1.0,"reconstructed from archived public rate cards; list prices, not transactions; not the index"
2023-07-17,GIX-B200,withheld,,0,0,0,,,,,min_providers: 0 of 3 required,,,,0,,0,0,,1.1.0,"reconstructed from archived public rate cards; list prices, not transactions; not the index"
2023-07-17,GIX-A100,withheld,,0,0,0,,,,,min_providers: 0 of 3 required,,,,0,,0,0,,1.1.0,"reconstructed from archived public rate cards; list prices, not transactions; not the index"
2023-07-24,GIX-H100,withheld,,0,0,0,,,,,min_providers: 0 of 3 required,,,,0,,0,0,,1.1.0,"reconstructed from archived public rate cards; list prices, not transactions; not the index"
2023-07-24,GIX-H200,withheld,,0,0,0,,,,,min_providers: 0 of 3 required,,,,0,,0,0,,1.1.0,"reconstructed from archived public rate cards; list prices, not transactions; not the index"
2023-07-24,GIX-B200,withheld,,0,0,0,,,,,min_providers: 0 of 3 required,,,,0,,0,0,,1.1.0,"reconstructed from archived public rate cards; list prices, not transactions; not the index"
2023-07-24,GIX-A100,withheld,,0,0,0,,,,,min_providers: 0 of 3 required,,,,0,,0,0,,1.1.0,"reconstructed from archived public rate cards; list prices, not transactions; not the index"
2023-07-31,GIX-H100,withheld,,0,0,0,,,,,min_providers: 0 of 3 required,,,,0,,0,0,,1.1.0,"reconstructed from archived public rate cards; list prices, not transactions; not the index"
2023-07-31,GIX-H200,withheld,,0,0,0,,,,,min_providers: 0 of 3 required,,,,0,,0,0,,1.1.0,"reconstructed from archived public rate cards; list prices, not transactions; not the index"
2023-07-31,GIX-B200,withheld,,0,0,0,,,,,min_providers: 0 of 3 required,,,,0,,0,0,,1.1.0,"reconstructed from archived public rate cards; list prices, not transactions; not the index"
2023-07-31,GIX-A100,withheld,,0,0,0,,,,,min_providers: 0 of 3 required,,,,0,,0,0,,1.1.0,"reconstructed from archived public rate cards; list prices, not transactions; not the index"
2023-08-07,GIX-H100,withheld,,1,2,1,,2.5372,2.5372,lambda=2.537,min_providers: 1 of 3 required,,2.2900,3.3700,1,,0,0,,1.1.0,"reconstructed from archived public rate cards; list prices, not transactions; not the index"
2023-08-07,GIX-H200,withheld,,0,0,0,,,,,min_providers: 0 of 3 required,,,,0,,0,0,,1.1.0,"reconstructed from archived public rate cards; list prices, not transactions; not the index"
2023-08-07,GIX-B200,withheld,,0,0,0,,,,,min_providers: 0 of 3 required,,,,0,,0,0,,1.1.0,"reconstructed from archived public rate cards; list prices, not transactions; not the index"
2023-08-07,GIX-A100,withheld,,1,1,1,,1.7331,1.7331,lambda=1.733,min_providers: 1 of 3 required,,1.5000,,0,,0,0,,1.1.0,"reconstructed from archived public rate cards; list prices, not transactions; not the index"
2023-08-14,GIX-H100,withheld,,1,2,1,,2.5372,2.5372,lambda=2.537,min_providers: 1 of 3 required,,2.2900,3.3700,1,,0,1,,1.1.0,"reconstructed from archived public rate cards; list prices, not transactions; not the index"
2023-08-14,GIX-H200,withheld,,0,0,0,,,,,min_providers: 0 of 3 required,,,,0,,0,0,,1.1.0,"reconstructed from archived public rate cards; list prices, not transactions; not the index"
2023-08-14,GIX-B200,withheld,,0,0,0,,,,,min_providers: 0 of 3 required,,,,0,,0,0,,1.1.0,"reconstructed from archived public rate cards; list prices, not transactions; not the index"
2023-08-14,GIX-A100,withheld,,1,1,1,,1.7331,1.7331,lambda=1.733,min_providers: 1 of 3 required,,1.5000,,0,,0,1,,1.1.0,"reconstructed from archived public rate cards; list prices, not transactions; not the index"
2023-08-21,GIX-H100,withheld,,1,2,1,,4.7433,4.7433,runpod=4.743,min_providers: 1 of 3 required,,4.3900,,0,3.2400,1,0,,1.1.0,"reconstructed from archived public rate cards; list prices, not transactions; not the index"
2023-08-21,GIX-H200,withheld,,0,0,0,,,,,min_providers: 0 of 3 required,,,,0,,0,0,,1.1.0,"reconstructed from archived public rate cards; list prices, not transactions; not the index"
2023-08-21,GIX-B200,withheld,,0,0,0,,,,,min_providers: 0 of 3 required,,,,0,,0,0,,1.1.0,"reconstructed from archived public rate cards; list prices, not transactions; not the index"
2023-08-21,GIX-A100,withheld,,1,2,1,,1.9638,1.9638,runpod=1.964,min_providers: 1 of 3 required,,1.8150,,0,0.8900,1,0,,1.1.0,"reconstructed from archived public rate cards; list prices, not transactions; not the index"
2023-08-28,GIX-H100,withheld,,0,0,0,,,,,min_providers: 0 of 3 required,,,,0,,0,0,,1.1.0,"reconstructed from archived public rate cards; list prices, not transactions; not the index"
2023-08-28,GIX-H200,withheld,,0,0,0,,,,,min_providers: 0 of 3 required,,,,0,,0,0,,1.1.0,"reconstructed from archived public rate cards; list prices, not transactions; not the index"
2023-08-28,GIX-B200,withheld,,0,0,0,,,,,min_providers: 0 of 3 required,,,,0,,0,0,,1.1.0,"reconstructed from archived public rate cards; list prices, not transactions; not the index"
2023-08-28,GIX-A100,withheld,,0,0,0,,,,,min_providers: 0 of 3 required,,,,0,,0,0,,1.1.0,"reconstructed from archived public rate cards; list prices, not transactions; not the index"
2023-09-04,GIX-H100,withheld,,1,2,1,,2.5372,2.5372,lambda=2.537,min_providers: 1 of 3 required,,2.2900,3.3700,1,,0,0,,1.1.0,"reconstructed from archived public rate cards; list prices, not transactions; not the index"
2023-09-04,GIX-H200,withheld,,0,0,0,,,,,min_providers: 0 of 3 required,,,,0,,0,0,,1.1.0,"reconstructed from archived public rate cards; list prices, not transactions; not the index"
2023-09-04,GIX-B200,withheld,,0,0,0,,,,,min_providers: 0 of 3 required,,,,0,,0,0,,1.1.0,"reconstructed from archived public rate cards; list prices, not transactions; not the index"
2023-09-04,GIX-A100,withheld,,1,1,1,,1.7331,1.7331,lambda=1.733,min_providers: 1 of 3 required,,1.5000,,0,,0,0,,1.1.0,"reconstructed from archived public rate cards; list prices, not transactions; not the index"
2023-09-11,GIX-H100,withheld,,0,0,0,,,,,min_providers: 0 of 3 required,,,,0,,0,0,,1.1.0,"reconstructed from archived public rate cards; list prices, not transactions; not the index"
2023-09-11,GIX-H200,withheld,,0,0,0,,,,,min_providers: 0 of 3 required,,,,0,,0,0,,1.1.0,"reconstructed from archived public rate cards; list prices, not transactions; not the index"
2023-09-11,GIX-B200,withheld,,0,0,0,,,,,min_providers: 0 of 3 required,,,,0,,0,0,,1.1.0,"reconstructed from archived public rate cards; list prices, not transactions; not the index"
2023-09-11,GIX-A100,withheld,,0,0,0,,,,,min_providers: 0 of 3 required,,,,0,,0,0,,1.1.0,"reconstructed from archived public rate cards; list prices, not transactions; not the index"
2023-09-18,GIX-H100,withheld,,1,4,1,,3.3775,3.3775,datacrunch=3.377,min_providers: 1 of 3 required,,3.5000,2.3469,1,,0,0,,1.1.0,"reconstructed from archived public rate cards; list prices, not transactions; not the index"
2023-09-18,GIX-H200,withheld,,0,0,0,,,,,min_providers: 0 of 3 required,,,,0,,0,0,,1.1.0,"reconstructed from archived public rate cards; list prices, not transactions; not the index"
2023-09-18,GIX-B200,withheld,,0,0,0,,,,,min_providers: 0 of 3 required,,,,0,,0,0,,1.1.0,"reconstructed from archived public rate cards; list prices, not transactions; not the index"
2023-09-18,GIX-A100,withheld,,2,5,2,,2.1230,3.2846,datacrunch=2.123;paperspace=3.285,min_providers: 2 of 3 required,,2.2000,1.3750,1,,0,0,,1.1.0,"reconstructed from archived public rate cards; list prices, not transactions; not the index"
2023-09-25,GIX-H100,withheld,,2,4,2,,2.5372,4.7433,lambda=2.537;runpod=4.743,min_providers: 2 of 3 required,,3.4400,3.3700,1,3.2400,1,0,,1.1.0,"reconstructed from archived public rate cards; list prices, not transactions; not the index"
2023-09-25,GIX-H200,withheld,,0,0,0,,,,,min_providers: 0 of 3 required,,,,0,,0,0,,1.1.0,"reconstructed from archived public rate cards; list prices, not transactions; not the index"
2023-09-25,GIX-B200,withheld,,0,0,0,,,,,min_providers: 0 of 3 required,,,,0,,0,0,,1.1.0,"reconstructed from archived public rate cards; list prices, not transactions; not the index"
2023-09-25,GIX-A100,withheld,,2,3,2,,1.7331,2.2496,lambda=1.733;runpod=2.250,min_providers: 2 of 3 required,,1.9900,,0,0.8900,1,0,,1.1.0,"reconstructed from archived public rate cards; list prices, not transactions; not the index"
2023-10-02,GIX-H100,withheld,,1,2,1,,2.5372,2.5372,lambda=2.537,min_providers: 1 of 3 required,,2.2900,3.3700,1,,0,1,,1.1.0,"reconstructed from archived public rate cards; list prices, not transactions; not the index"
2023-10-02,GIX-H200,withheld,,0,0,0,,,,,min_providers: 0 of 3 required,,,,0,,0,0,,1.1.0,"reconstructed from archived public rate cards; list prices, not transactions; not the index"
2023-10-02,GIX-B200,withheld,,0,0,0,,,,,min_providers: 0 of 3 required,,,,0,,0,0,,1.1.0,"reconstructed from archived public rate cards; list prices, not transactions; not the index"
2023-10-02,GIX-A100,withheld,,2,2,2,,1.7331,3.2846,lambda=1.733;paperspace=3.285,min_providers: 2 of 3 required,,2.2950,,0,,0,1,,1.1.0,"reconstructed from archived public rate cards; list prices, not transactions; not the index"
2023-10-09,GIX-H100,withheld,,0,0,0,,,,,min_providers: 0 of 3 required,,,,0,,0,0,,1.1.0,"reconstructed from archived public rate cards; list prices, not transactions; not the index"
2023-10-09,GIX-H200,withheld,,0,0,0,,,,,min_providers: 0 of 3 required,,,,0,,0,0,,1.1.0,"reconstructed from archived public rate cards; list prices, not transactions; not the index"
2023-10-09,GIX-B200,withheld,,0,0,0,,,,,min_providers: 0 of 3 required,,,,0,,0,0,,1.1.0,"reconstructed from archived public rate cards; list prices, not transactions; not the index"
2023-10-09,GIX-A100,withheld,,0,0,0,,,,,min_providers: 0 of 3 required,,,,0,,0,0,,1.1.0,"reconstructed from archived public rate cards; list prices, not transactions; not the index"
2023-10-16,GIX-H100,withheld,,1,2,1,,2.5372,2.5372,lambda=2.537,min_providers: 1 of 3 required,,2.2900,3.3700,1,,0,0,,1.1.0,"reconstructed from archived public rate cards; list prices, not transactions; not the index"
2023-10-16,GIX-H200,withheld,,0,0,0,,,,,min_providers: 0 of 3 required,,,,0,,0,0,,1.1.0,"reconstructed from archived public rate cards; list prices, not transactions; not the index"
2023-10-16,GIX-B200,withheld,,0,0,0,,,,,min_providers: 0 of 3 required,,,,0,,0,0,,1.1.0,"reconstructed from archived public rate cards; list prices, not transactions; not the index"
2023-10-16,GIX-A100,withheld,,1,1,1,,1.7331,1.7331,lambda=1.733,min_providers: 1 of 3 required,,1.5000,,0,,0,0,,1.1.0,"reconstructed from archived public rate cards; list prices, not transactions; not the index"
2023-10-23,GIX-H100,withheld,,2,4,2,,2.5372,4.7433,lambda=2.537;runpod=4.743,min_providers: 2 of 3 required,,3.4400,3.3700,1,3.2400,1,1,,1.1.0,"reconstructed from archived public rate cards; list prices, not transactions; not the index"
2023-10-23,GIX-H200,withheld,,0,0,0,,,,,min_providers: 0 of 3 required,,,,0,,0,0,,1.1.0,"reconstructed from archived public rate cards; list prices, not transactions; not the index"
2023-10-23,GIX-B200,withheld,,0,0,0,,,,,min_providers: 0 of 3 required,,,,0,,0,0,,1.1.0,"reconstructed from archived public rate cards; list prices, not transactions; not the index"
2023-10-23,GIX-A100,withheld,,2,3,2,,1.7331,2.2496,lambda=1.733;runpod=2.250,min_providers: 2 of 3 required,,1.9900,,0,0.8900,1,1,,1.1.0,"reconstructed from archived public rate cards; list prices, not transactions; not the index"
2023-10-30,GIX-H100,withheld,,1,2,1,,2.5372,2.5372,lambda=2.537,min_providers: 1 of 3 required,,2.2900,3.3700,1,,0,1,,1.1.0,"reconstructed from archived public rate cards; list prices, not transactions; not the index"
2023-10-30,GIX-H200,withheld,,0,0,0,,,,,min_providers: 0 of 3 required,,,,0,,0,0,,1.1.0,"reconstructed from archived public rate cards; list prices, not transactions; not the index"
2023-10-30,GIX-B200,withheld,,0,0,0,,,,,min_providers: 0 of 3 required,,,,0,,0,0,,1.1.0,"reconstructed from archived public rate cards; list prices, not transactions; not the index"
2023-10-30,GIX-A100,withheld,,1,1,1,,1.7331,1.7331,lambda=1.733,min_providers: 1 of 3 required,,1.5000,,0,,0,1,,1.1.0,"reconstructed from archived public rate cards; list prices, not transactions; not the index"
2023-11-06,GIX-H100,withheld,,1,2,1,,2.5372,2.5372,lambda=2.537,min_providers: 1 of 3 required,,2.2900,3.3700,1,,0,1,,1.1.0,"reconstructed from archived public rate cards; list prices, not transactions; not the index"
2023-11-06,GIX-H200,withheld,,0,0,0,,,,,min_providers: 0 of 3 required,,,,0,,0,0,,1.1.0,"reconstructed from archived public rate cards; list prices, not transactions; not the index"
2023-11-06,GIX-B200,withheld,,0,0,0,,,,,min_providers: 0 of 3 required,,,,0,,0,0,,1.1.0,"reconstructed from archived public rate cards; list prices, not transactions; not the index"
2023-11-06,GIX-A100,withheld,,1,1,1,,1.7331,1.7331,lambda=1.733,min_providers: 1 of 3 required,,1.5000,,0,,0,1,,1.1.0,"reconstructed from archived public rate cards; list prices, not transactions; not the index"
2023-11-13,GIX-H100,withheld,,1,2,1,,4.9601,4.9601,runpod=4.960,min_providers: 1 of 3 required,,4.5900,,0,3.2400,1,0,,1.1.0,"reconstructed from archived public rate cards; list prices, not transactions; not the index"
2023-11-13,GIX-H200,withheld,,0,0,0,,,,,min_providers: 0 of 3 required,,,,0,,0,0,,1.1.0,"reconstructed from archived public rate cards; list prices, not transactions; not the index"
2023-11-13,GIX-B200,withheld,,0,0,0,,,,,min_providers: 0 of 3 required,,,,0,,0,0,,1.1.0,"reconstructed from archived public rate cards; list prices, not transactions; not the index"
2023-11-13,GIX-A100,withheld,,2,3,2,,2.2956,3.2846,paperspace=3.285;runpod=2.296,min_providers: 2 of 3 required,,2.2900,,0,1.2900,1,0,,1.1.0,"reconstructed from archived public rate cards; list prices, not transactions; not the index"
2023-11-20,GIX-H100,withheld,,1,2,1,,4.9601,4.9601,runpod=4.960,min_providers: 1 of 3 required,,4.5900,,0,3.0900,1,1,,1.1.0,"reconstructed from archived public rate cards; list prices, not transactions; not the index"
2023-11-20,GIX-H200,withheld,,0,0,0,,,,,min_providers: 0 of 3 required,,,,0,,0,0,,1.1.0,"reconstructed from archived public rate cards; list prices, not transactions; not the index"
2023-11-20,GIX-B200,withheld,,0,0,0,,,,,min_providers: 0 of 3 required,,,,0,,0,0,,1.1.0,"reconstructed from archived public rate cards; list prices, not transactions; not the index"
2023-11-20,GIX-A100,withheld,,1,2,1,,2.2956,2.2956,runpod=2.296,min_providers: 1 of 3 required,,2.1400,,0,1.2900,1,1,,1.1.0,"reconstructed from archived public rate cards; list prices, not transactions; not the index"
2023-11-27,GIX-H100,withheld,,1,2,1,,2.5372,2.5372,lambda=2.537,min_providers: 1 of 3 required,,2.2900,3.3700,1,,0,0,,1.1.0,"reconstructed from archived public rate cards; list prices, not transactions; not the index"
2023-11-27,GIX-H200,withheld,,0,0,0,,,,,min_providers: 0 of 3 required,,,,0,,0,0,,1.1.0,"reconstructed from archived public rate cards; list prices, not transactions; not the index"
2023-11-27,GIX-B200,withheld,,0,0,0,,,,,min_providers: 0 of 3 required,,,,0,,0,0,,1.1.0,"reconstructed from archived public rate cards; list prices, not transactions; not the index"
2023-11-27,GIX-A100,withheld,,1,1,1,,1.5000,1.5000,lambda=1.500,min_providers: 1 of 3 required,,1.5000,,0,,0,0,,1.1.0,"reconstructed from archived public rate cards; list prices, not transactions; not the index"
2023-12-04,GIX-H100,withheld,,1,2,1,,2.5372,2.5372,lambda=2.537,min_providers: 1 of 3 required,,2.2900,1.8900,1,,0,1,,1.1.0,"reconstructed from archived public rate cards; list prices, not transactions; not the index"
2023-12-04,GIX-H200,withheld,,0,0,0,,,,,min_providers: 0 of 3 required,,,,0,,0,0,,1.1.0,"reconstructed from archived public rate cards; list prices, not transactions; not the index"
2023-12-04,GIX-B200,withheld,,0,0,0,,,,,min_providers: 0 of 3 required,,,,0,,0,0,,1.1.0,"reconstructed from archived public rate cards; list prices, not transactions; not the index"
2023-12-04,GIX-A100,withheld,,1,1,1,,1.5000,1.5000,lambda=1.500,min_providers: 1 of 3 required,,1.5000,,0,,0,1,,1.1.0,"reconstructed from archived public rate cards; list prices, not transactions; not the index"
2023-12-11,GIX-H100,withheld,,0,0,0,,,,,min_providers: 0 of 3 required,,,,0,,0,0,,1.1.0,"reconstructed from archived public rate cards; list prices, not transactions; not the index"
2023-12-11,GIX-H200,withheld,,0,0,0,,,,,min_providers: 0 of 3 required,,,,0,,0,0,,1.1.0,"reconstructed from archived public rate cards; list prices, not transactions; not the index"
2023-12-11,GIX-B200,withheld,,0,0,0,,,,,min_providers: 0 of 3 required,,,,0,,0,0,,1.1.0,"reconstructed from archived public rate cards; list prices, not transactions; not the index"
2023-12-11,GIX-A100,withheld,,0,0,0,,,,,min_providers: 0 of 3 required,,,,0,,0,0,,1.1.0,"reconstructed from archived public rate cards; list prices, not transactions; not the index"
2023-12-18,GIX-H100,withheld,,0,0,0,,,,,min_providers: 0 of 3 required,,,,0,,0,0,,1.1.0,"reconstructed from archived public rate cards; list prices, not transactions; not the index"
2023-12-18,GIX-H200,withheld,,0,0,0,,,,,min_providers: 0 of 3 required,,,,0,,0,0,,1.1.0,"reconstructed from archived public rate cards; list prices, not transactions; not the index"
2023-12-18,GIX-B200,withheld,,0,0,0,,,,,min_providers: 0 of 3 required,,,,0,,0,0,,1.1.0,"reconstructed from archived public rate cards; list prices, not transactions; not the index"
2023-12-18,GIX-A100,withheld,,1,1,1,,3.2846,3.2846,paperspace=3.285,min_providers: 1 of 3 required,,3.0900,,0,,0,0,,1.1.0,"reconstructed from archived public rate cards; list prices, not transactions; not the index"
2023-12-25,GIX-H100,withheld,,2,4,2,,2.5372,4.9601,lambda=2.537;runpod=4.960,min_providers: 2 of 3 required,,3.5400,1.8900,1,3.0900,1,0,,1.1.0,"reconstructed from archived public rate cards; list prices, not transactions; not the index"
2023-12-25,GIX-H200,withheld,,0,0,0,,,,,min_providers: 0 of 3 required,,,,0,,0,0,,1.1.0,"reconstructed from archived public rate cards; list prices, not transactions; not the index"
2023-12-25,GIX-B200,withheld,,0,0,0,,,,,min_providers: 0 of 3 required,,,,0,,0,0,,1.1.0,"reconstructed from archived public rate cards; list prices, not transactions; not the index"
2023-12-25,GIX-A100,withheld,,2,3,2,,1.5000,2.2956,lambda=1.500;runpod=2.296,min_providers: 2 of 3 required,,1.9900,,0,1.2900,1,0,,1.1.0,"reconstructed from archived public rate cards; list prices, not transactions; not the index"
2024-01-01,GIX-H100,withheld,,2,4,2,,2.5372,4.9601,lambda=2.537;runpod=4.960,min_providers: 2 of 3 required,,3.5400,1.8900,1,3.0900,1,2,,1.1.0,"reconstructed from archived public rate cards; list prices, not transactions; not the index"
2024-01-01,GIX-H200,withheld,,0,0,0,,,,,min_providers: 0 of 3 required,,,,0,,0,0,,1.1.0,"reconstructed from archived public rate cards; list prices, not transactions; not the index"
2024-01-01,GIX-B200,withheld,,0,0,0,,,,,min_providers: 0 of 3 required,,,,0,,0,0,,1.1.0,"reconstructed from archived public rate cards; list prices, not transactions; not the index"
2024-01-01,GIX-A100,withheld,,2,3,2,,1.5000,2.2956,lambda=1.500;runpod=2.296,min_providers: 2 of 3 required,,1.9900,,0,1.2900,1,2,,1.1.0,"reconstructed from archived public rate cards; list prices, not transactions; not the index"
2024-01-08,GIX-H100,withheld,,0,0,0,,,,,min_providers: 0 of 3 required,,,,0,,0,0,,1.1.0,"reconstructed from archived public rate cards; list prices, not transactions; not the index"
2024-01-08,GIX-H200,withheld,,0,0,0,,,,,min_providers: 0 of 3 required,,,,0,,0,0,,1.1.0,"reconstructed from archived public rate cards; list prices, not transactions; not the index"
2024-01-08,GIX-B200,withheld,,0,0,0,,,,,min_providers: 0 of 3 required,,,,0,,0,0,,1.1.0,"reconstructed from archived public rate cards; list prices, not transactions; not the index"
2024-01-08,GIX-A100,withheld,,0,0,0,,,,,min_providers: 0 of 3 required,,,,0,,0,0,,1.1.0,"reconstructed from archived public rate cards; list prices, not transactions; not the index"
2024-01-15,GIX-H100,withheld,,2,3,2,,4.7105,8.2432,paperspace=8.243;runpod=4.710,min_providers: 2 of 3 required,,4.6900,2.2400,1,2.9400,1,0,,1.1.0,"reconstructed from archived public rate cards; list prices, not transactions; not the index"
2024-01-15,GIX-H200,withheld,,0,0,0,,,,,min_providers: 0 of 3 required,,,,0,,0,0,,1.1.0,"reconstructed from archived public rate cards; list prices, not transactions; not the index"
2024-01-15,GIX-B200,withheld,,0,0,0,,,,,min_providers: 0 of 3 required,,,,0,,0,0,,1.1.0,"reconstructed from archived public rate cards; list prices, not transactions; not the index"
2024-01-15,GIX-A100,withheld,,2,3,2,,2.2332,3.3802,paperspace=3.380;runpod=2.233,min_providers: 2 of 3 required,,2.2900,,0,1.2400,1,0,,1.1.0,"reconstructed from archived public rate cards; list prices, not transactions; not the index"
2024-01-22,GIX-H100,withheld,,2,3,2,,4.7105,5.5200,paperspace=5.520;runpod=4.710,min_providers: 2 of 3 required,,4.6900,2.2400,1,2.9400,1,2,,1.1.0,"reconstructed from archived public rate cards; list prices, not transactions; not the index"
2024-01-22,GIX-H200,withheld,,0,0,0,,,,,min_providers: 0 of 3 required,,,,0,,0,0,,1.1.0,"reconstructed from archived public rate cards; list prices, not transactions; not the index"
2024-01-22,GIX-B200,withheld,,0,0,0,,,,,min_providers: 0 of 3 required,,,,0,,0,0,,1.1.0,"reconstructed from archived public rate cards; list prices, not transactions; not the index"
2024-01-22,GIX-A100,withheld,,1,2,1,,2.2332,2.2332,runpod=2.233,min_providers: 1 of 3 required,,2.0900,1.1500,1,1.2400,1,1,,1.1.0,"reconstructed from archived public rate cards; list prices, not transactions; not the index"
2024-01-29,GIX-H100,withheld,,2,3,2,,4.8425,5.4740,fluidstack=4.843;paperspace=5.474,min_providers: 2 of 3 required,,4.7600,2.5650,2,,0,1,,1.1.0,"reconstructed from archived public rate cards; list prices, not transactions; not the index"
2024-01-29,GIX-H200,withheld,,0,0,0,,,,,min_providers: 0 of 3 required,,,,0,,0,0,,1.1.0,"reconstructed from archived public rate cards; list prices, not transactions; not the index"
2024-01-29,GIX-B200,withheld,,0,0,0,,,,,min_providers: 0 of 3 required,,,,0,,0,0,,1.1.0,"reconstructed from archived public rate cards; list prices, not transactions; not the index"
2024-01-29,GIX-A100,withheld,,1,2,1,,2.4377,2.4377,fluidstack=2.438,min_providers: 1 of 3 required,,2.1700,1.2450,2,,0,0,,1.1.0,"reconstructed from archived public rate cards; list prices, not transactions; not the index"
2024-02-05,GIX-H100,withheld,,0,0,0,,,,,min_providers: 0 of 3 required,,,,0,,0,0,,1.1.0,"reconstructed from archived public rate cards; list prices, not transactions; not the index"
2024-02-05,GIX-H200,withheld,,0,0,0,,,,,min_providers: 0 of 3 required,,,,0,,0,0,,1.1.0,"reconstructed from archived public rate cards; list prices, not transactions; not the index"
2024-02-05,GIX-B200,withheld,,0,0,0,,,,,min_providers: 0 of 3 required,,,,0,,0,0,,1.1.0,"reconstructed from archived public rate cards; list prices, not transactions; not the index"
2024-02-05,GIX-A100,withheld,,0,0,0,,,,,min_providers: 0 of 3 required,,,,0,,0,0,,1.1.0,"reconstructed from archived public rate cards; list prices, not transactions; not the index"
2024-02-12,GIX-H100,withheld,,1,1,1,,5.4740,5.4740,paperspace=5.474,min_providers: 1 of 3 required,,5.9500,2.2400,1,,0,0,,1.1.0,"reconstructed from archived public rate cards; list prices, not transactions; not the index"
2024-02-12,GIX-H200,withheld,,0,0,0,,,,,min_providers: 0 of 3 required,,,,0,,0,0,,1.1.0,"reconstructed from archived public rate cards; list prices, not transactions; not the index"
2024-02-12,GIX-B200,withheld,,0,0,0,,,,,min_providers: 0 of 3 required,,,,0,,0,0,,1.1.0,"reconstructed from archived public rate cards; list prices, not transactions; not the index"
2024-02-12,GIX-A100,withheld,,0,0,0,,,,,min_providers: 0 of 3 required,,,1.1500,1,,0,0,,1.1.0,"reconstructed from archived public rate cards; list prices, not transactions; not the index"
2024-02-19,GIX-H100,published,5.1054,4,9,4,0.0917,4.4835,5.4740,datacrunch=4.484;fluidstack=4.843;hyperstack=5.368;paperspace=5.474,,,4.5750,2.8900,3,,0,1,,1.1.0,"reconstructed from archived public rate cards; list prices, not transactions; not the index"
2024-02-19,GIX-H200,withheld,,0,0,0,,,,,min_providers: 0 of 3 required,,,,0,,0,0,,1.1.0,"reconstructed from archived public rate cards; list prices, not transactions; not the index"
2024-02-19,GIX-B200,withheld,,0,0,0,,,,,min_providers: 0 of 3 required,,,,0,,0,0,,1.1.0,"reconstructed from archived public rate cards; list prices, not transactions; not the index"
2024-02-19,GIX-A100,published,2.4377,3,7,3,0.1092,2.2581,3.4332,datacrunch=2.258;fluidstack=2.438;hyperstack=3.433,,,2.3400,1.3400,3,,0,0,,1.1.0,"reconstructed from archived public rate cards; list prices, not transactions; not the index"
2024-02-26,GIX-H100,withheld,,2,3,2,,3.2993,5.4740,lambda=3.299;paperspace=5.474,min_providers: 2 of 3 required,,3.4900,2.0650,2,,0,1,,1.1.0,"reconstructed from archived public rate cards; list prices, not transactions; not the index"
2024-02-26,GIX-H200,withheld,,0,0,0,,,,,min_providers: 0 of 3 required,,,,0,,0,0,,1.1.0,"reconstructed from archived public rate cards; list prices, not transactions; not the index"
2024-02-26,GIX-B200,withheld,,0,0,0,,,,,min_providers: 0 of 3 required,,,,0,,0,0,,1.1.0,"reconstructed from archived public rate cards; list prices, not transactions; not the index"
2024-02-26,GIX-A100,withheld,,1,1,1,,1.7900,1.7900,lambda=1.790,min_providers: 1 of 3 required,,1.7900,1.1500,1,,0,0,,1.1.0,"reconstructed from archived public rate cards; list prices, not transactions; not the index"
2024-03-04,GIX-H100,withheld,,2,4,2,,3.2993,4.5856,lambda=3.299;runpod=4.586,min_providers: 2 of 3 required,,3.6900,1.8900,1,2.9400,1,1,,1.1.0,"reconstructed from archived public rate cards; list prices, not transactions; not the index"
2024-03-04,GIX-H200,withheld,,0,0,0,,,,,min_providers: 0 of 3 required,,,,0,,0,0,,1.1.0,"reconstructed from archived public rate cards; list prices, not transactions; not the index"
2024-03-04,GIX-B200,withheld,,0,0,0,,,,,min_providers: 0 of 3 required,,,,0,,0,0,,1.1.0,"reconstructed from archived public rate cards; list prices, not transactions; not the index"
2024-03-04,GIX-A100,withheld,,2,3,2,,1.7900,2.2332,lambda=1.790;runpod=2.233,min_providers: 2 of 3 required,,1.8900,,0,1.0000,1,1,,1.1.0,"reconstructed from archived public rate cards; list prices, not transactions; not the index"
2024-03-11,GIX-H100,withheld,,0,0,0,,,,,min_providers: 0 of 3 required,,,,0,,0,0,,1.1.0,"reconstructed from archived public rate cards; list prices, not transactions; not the index"
2024-03-11,GIX-H200,withheld,,0,0,0,,,,,min_providers: 0 of 3 required,,,,0,,0,0,,1.1.0,"reconstructed from archived public rate cards; list prices, not transactions; not the index"
2024-03-11,GIX-B200,withheld,,0,0,0,,,,,min_providers: 0 of 3 required,,,,0,,0,0,,1.1.0,"reconstructed from archived public rate cards; list prices, not transactions; not the index"
2024-03-11,GIX-A100,withheld,,0,0,0,,,,,min_providers: 0 of 3 required,,,,0,,0,0,,1.1.0,"reconstructed from archived public rate cards; list prices, not transactions; not the index"
2024-03-18,GIX-H100,withheld,,1,2,1,,3.2993,3.2993,lambda=3.299,min_providers: 1 of 3 required,,2.9900,1.8900,1,,0,0,,1.1.0,"reconstructed from archived public rate cards; list prices, not transactions; not the index"
2024-03-18,GIX-H200,withheld,,0,0,0,,,,,min_providers: 0 of 3 required,,,,0,,0,0,,1.1.0,"reconstructed from archived public rate cards; list prices, not transactions; not the index"
2024-03-18,GIX-B200,withheld,,0,0,0,,,,,min_providers: 0 of 3 required,,,,0,,0,0,,1.1.0,"reconstructed from archived public rate cards; list prices, not transactions; not the index"
2024-03-18,GIX-A100,withheld,,1,1,1,,1.7900,1.7900,lambda=1.790,min_providers: 1 of 3 required,,1.7900,,0,,0,0,,1.1.0,"reconstructed from archived public rate cards; list prices, not transactions; not the index"
2024-03-25,GIX-H100,withheld,,2,4,2,,3.2993,4.5856,lambda=3.299;runpod=4.586,min_providers: 2 of 3 required,,3.6900,1.8900,1,2.9400,1,1,,1.1.0,"reconstructed from archived public rate cards; list prices, not transactions; not the index"
2024-03-25,GIX-H200,withheld,,0,0,0,,,,,min_providers: 0 of 3 required,,,,0,,0,0,,1.1.0,"reconstructed from archived public rate cards; list prices, not transactions; not the index"
2024-03-25,GIX-B200,withheld,,0,0,0,,,,,min_providers: 0 of 3 required,,,,0,,0,0,,1.1.0,"reconstructed from archived public rate cards; list prices, not transactions; not the index"
2024-03-25,GIX-A100,withheld,,2,3,2,,1.7900,2.2332,lambda=1.790;runpod=2.233,min_providers: 2 of 3 required,,1.8900,,0,1.0000,1,1,,1.1.0,"reconstructed from archived public rate cards; list prices, not transactions; not the index"
2024-04-01,GIX-H100,withheld,,2,3,2,,3.2993,5.4740,lambda=3.299;paperspace=5.474,min_providers: 2 of 3 required,,3.4900,2.0650,2,,0,1,,1.1.0,"reconstructed from archived public rate cards; list prices, not transactions; not the index"
2024-04-01,GIX-H200,withheld,,0,0,0,,,,,min_providers: 0 of 3 required,,,,0,,0,0,,1.1.0,"reconstructed from archived public rate cards; list prices, not transactions; not the index"
2024-04-01,GIX-B200,withheld,,0,0,0,,,,,min_providers: 0 of 3 required,,,,0,,0,0,,1.1.0,"reconstructed from archived public rate cards; list prices, not transactions; not the index"
2024-04-01,GIX-A100,withheld,,1,1,1,,1.7900,1.7900,lambda=1.790,min_providers: 1 of 3 required,,1.7900,1.1500,1,,0,1,,1.1.0,"reconstructed from archived public rate cards; list prices, not transactions; not the index"
2024-04-08,GIX-H100,withheld,,1,2,1,,3.2993,3.2993,lambda=3.299,min_providers: 1 of 3 required,,2.9900,1.8900,1,,0,1,,1.1.0,"reconstructed from archived public rate cards; list prices, not transactions; not the index"
2024-04-08,GIX-H200,withheld,,0,0,0,,,,,min_providers: 0 of 3 required,,,,0,,0,0,,1.1.0,"reconstructed from archived public rate cards; list prices, not transactions; not the index"
2024-04-08,GIX-B200,withheld,,0,0,0,,,,,min_providers: 0 of 3 required,,,,0,,0,0,,1.1.0,"reconstructed from archived public rate cards; list prices, not transactions; not the index"
2024-04-08,GIX-A100,withheld,,1,1,1,,1.7900,1.7900,lambda=1.790,min_providers: 1 of 3 required,,1.7900,,0,,0,1,,1.1.0,"reconstructed from archived public rate cards; list prices, not transactions; not the index"
2024-04-15,GIX-H100,published,4.1317,4,9,4,0.2308,3.2993,5.4740,datacrunch=3.678;lambda=3.299;paperspace=5.474;runpod=4.586,,,3.8125,2.2400,3,2.9400,1,1,,1.1.0,"reconstructed from archived public rate cards; list prices, not transactions; not the index"
2024-04-15,GIX-H200,withheld,,0,0,0,,,,,min_providers: 0 of 3 required,,,,0,,0,0,,1.1.0,"reconstructed from archived public rate cards; list prices, not transactions; not the index"
2024-04-15,GIX-B200,withheld,,0,0,0,,,,,min_providers: 0 of 3 required,,,,0,,0,0,,1.1.0,"reconstructed from archived public rate cards; list prices, not transactions; not the index"
2024-04-15,GIX-A100,published,1.8817,3,7,3,0.0723,1.7900,2.2332,datacrunch=1.882;lambda=1.790;runpod=2.233,,,1.9500,1.1887,2,1.2400,1,1,,1.1.0,"reconstructed from archived public rate cards; list prices, not transactions; not the index"
2024-04-22,GIX-H100,withheld,,2,3,2,,4.5856,5.3683,hyperstack=5.368;runpod=4.586,min_providers: 2 of 3 required,,4.3000,,0,2.9400,1,1,,1.1.0,"reconstructed from archived public rate cards; list prices, not transactions; not the index"
2024-04-22,GIX-H200,withheld,,0,0,0,,,,,min_providers: 0 of 3 required,,,,0,,0,0,,1.1.0,"reconstructed from archived public rate cards; list prices, not transactions; not the index"
2024-04-22,GIX-B200,withheld,,0,0,0,,,,,min_providers: 0 of 3 required,,,,0,,0,0,,1.1.0,"reconstructed from archived public rate cards; list prices, not transactions; not the index"
2024-04-22,GIX-A100,withheld,,2,3,2,,2.2332,3.4332,hyperstack=3.433;runpod=2.233,min_providers: 2 of 3 required,,2.2900,,0,1.2400,1,1,,1.1.0,"reconstructed from archived public rate cards; list prices, not transactions; not the index"
2024-04-29,GIX-H100,withheld,,0,0,0,,,,,min_providers: 0 of 3 required,,,,0,,0,0,,1.1.0,"reconstructed from archived public rate cards; list prices, not transactions; not the index"
2024-04-29,GIX-H200,withheld,,0,0,0,,,,,min_providers: 0 of 3 required,,,,0,,0,0,,1.1.0,"reconstructed from archived public rate cards; list prices, not transactions; not the index"
2024-04-29,GIX-B200,withheld,,0,0,0,,,,,min_providers: 0 of 3 required,,,,0,,0,0,,1.1.0,"reconstructed from archived public rate cards; list prices, not transactions; not the index"
2024-04-29,GIX-A100,withheld,,0,0,0,,,,,min_providers: 0 of 3 required,,,,0,,0,0,,1.1.0,"reconstructed from archived public rate cards; list prices, not transactions; not the index"
2024-05-06,GIX-H100,withheld,,1,1,1,,5.4740,5.4740,paperspace=5.474,min_providers: 1 of 3 required,,5.9500,2.2400,1,,0,0,,1.1.0,"reconstructed from archived public rate cards; list prices, not transactions; not the index"
2024-05-06,GIX-H200,withheld,,0,0,0,,,,,min_providers: 0 of 3 required,,,,0,,0,0,,1.1.0,"reconstructed from archived public rate cards; list prices, not transactions; not the index"
2024-05-06,GIX-B200,withheld,,0,0,0,,,,,min_providers: 0 of 3 required,,,,0,,0,0,,1.1.0,"reconstructed from archived public rate cards; list prices, not transactions; not the index"
2024-05-06,GIX-A100,withheld,,0,0,0,,,,,min_providers: 0 of 3 required,,,1.1500,1,,0,0,,1.1.0,"reconstructed from archived public rate cards; list prices, not transactions; not the index"
2024-05-13,GIX-H100,withheld,,2,4,2,,3.2993,4.5856,lambda=3.299;runpod=4.586,min_providers: 2 of 3 required,,3.6900,1.8900,1,2.9400,1,0,,1.1.0,"reconstructed from archived public rate cards; list prices, not transactions; not the index"
2024-05-13,GIX-H200,withheld,,0,0,0,,,,,min_providers: 0 of 3 required,,,,0,,0,0,,1.1.0,"reconstructed from archived public rate cards; list prices, not transactions; not the index"
2024-05-13,GIX-B200,withheld,,0,0,0,,,,,min_providers: 0 of 3 required,,,,0,,0,0,,1.1.0,"reconstructed from archived public rate cards; list prices, not transactions; not the index"
2024-05-13,GIX-A100,published,1.9270,3,5,3,0.1054,1.7900,2.2332,crusoe=1.927;lambda=1.790;runpod=2.233,,,1.8900,1.2400,1,1.2400,1,0,,1.1.0,"reconstructed from archived public rate cards; list prices, not transactions; not the index"
2024-05-20,GIX-H100,published,4.0658,3,5,3,0.2795,3.2993,5.4740,fluidstack=4.066;lambda=3.299;paperspace=5.474,,,3.7500,2.2400,3,,0,1,,1.1.0,"reconstructed from archived public rate cards; list prices, not transactions; not the index"
2024-05-20,GIX-H200,withheld,,0,0,0,,,,,min_providers: 0 of 3 required,,,,0,,0,0,,1.1.0,"reconstructed from archived public rate cards; list prices, not transactions; not the index"
2024-05-20,GIX-B200,withheld,,0,0,0,,,,,min_providers: 0 of 3 required,,,,0,,0,0,,1.1.0,"reconstructed from archived public rate cards; list prices, not transactions; not the index"
2024-05-20,GIX-A100,withheld,,2,3,2,,1.7900,1.9074,fluidstack=1.907;lambda=1.790,min_providers: 2 of 3 required,,1.7500,1.2325,2,,0,1,,1.1.0,"reconstructed from archived public rate cards; list prices, not transactions; not the index"
2024-05-27,GIX-H100,published,4.0658,3,6,3,0.1895,3.2993,4.5856,fluidstack=4.066;lambda=3.299;runpod=4.586,,,3.7500,2.1450,2,2.9400,1,2,,1.1.0,"reconstructed from archived public rate cards; list prices, not transactions; not the index"
2024-05-27,GIX-H200,withheld,,0,0,0,,,,,min_providers: 0 of 3 required,,,,0,,0,0,,1.1.0,"reconstructed from archived public rate cards; list prices, not transactions; not the index"
2024-05-27,GIX-B200,withheld,,0,0,0,,,,,min_providers: 0 of 3 required,,,,0,,0,0,,1.1.0,"reconstructed from archived public rate cards; list prices, not transactions; not the index"
2024-05-27,GIX-A100,published,1.9074,3,5,3,0.0913,1.7900,2.2332,fluidstack=1.907;lambda=1.790;runpod=2.233,,,1.7900,1.3150,1,1.2400,1,2,,1.1.0,"reconstructed from archived public rate cards; list prices, not transactions; not the index"
2024-06-03,GIX-H100,withheld,,0,0,0,,,,,min_providers: 0 of 3 required,,,,0,,0,0,,1.1.0,"reconstructed from archived public rate cards; list prices, not transactions; not the index"
2024-06-03,GIX-H200,withheld,,0,0,0,,,,,min_providers: 0 of 3 required,,,,0,,0,0,,1.1.0,"reconstructed from archived public rate cards; list prices, not transactions; not the index"
2024-06-03,GIX-B200,withheld,,0,0,0,,,,,min_providers: 0 of 3 required,,,,0,,0,0,,1.1.0,"reconstructed from archived public rate cards; list prices, not transactions; not the index"
2024-06-03,GIX-A100,withheld,,0,0,0,,,,,min_providers: 0 of 3 required,,,,0,,0,0,,1.1.0,"reconstructed from archived public rate cards; list prices, not transactions; not the index"
2024-06-10,GIX-H100,withheld,,2,7,2,,3.1066,4.5856,datacrunch=3.107;runpod=4.586,min_providers: 2 of 3 required,,3.1700,2.7100,1,2.4900,1,0,,1.1.0,"reconstructed from archived public rate cards; list prices, not transactions; not the index"
2024-06-10,GIX-H200,withheld,,0,0,0,,,,,min_providers: 0 of 3 required,,,,0,,0,0,,1.1.0,"reconstructed from archived public rate cards; list prices, not transactions; not the index"
2024-06-10,GIX-B200,withheld,,0,0,0,,,,,min_providers: 0 of 3 required,,,,0,,0,0,,1.1.0,"reconstructed from archived public rate cards; list prices, not transactions; not the index"
2024-06-10,GIX-A100,withheld,,2,6,2,,1.6887,2.2332,datacrunch=1.689;runpod=2.233,min_providers: 2 of 3 required,,1.7500,1.2750,1,1.2400,1,0,,1.1.0,"reconstructed from archived public rate cards; list prices, not transactions; not the index"
2024-06-17,GIX-H100,published,4.4608,3,5,3,0.1313,4.0658,5.4740,fluidstack=4.066;paperspace=5.474;runpod=4.461,,,3.7500,2.3200,2,3.1900,1,1,,1.1.0,"reconstructed from archived public rate cards; list prices, not transactions; not the index"
2024-06-17,GIX-H200,withheld,,0,0,0,,,,,min_providers: 0 of 3 required,,,,0,,0,0,,1.1.0,"reconstructed from archived public rate cards; list prices, not transactions; not the index"
2024-06-17,GIX-B200,withheld,,0,0,0,,,,,min_providers: 0 of 3 required,,,,0,,0,0,,1.1.0,"reconstructed from archived public rate cards; list prices, not transactions; not the index"
2024-06-17,GIX-A100,withheld,,2,4,2,,1.9074,2.1872,fluidstack=1.907;runpod=2.187,min_providers: 2 of 3 required,,1.8200,1.2325,2,1.1900,1,1,,1.1.0,"reconstructed from archived public rate cards; list prices, not transactions; not the index"
2024-06-24,GIX-H100,withheld,,1,2,1,,4.0658,4.0658,fluidstack=4.066,min_providers: 1 of 3 required,,3.7500,2.4000,1,,0,1,,1.1.0,"reconstructed from archived public rate cards; list prices, not transactions; not the index"
2024-06-24,GIX-H200,withheld,,0,0,0,,,,,min_providers: 0 of 3 required,,,,0,,0,0,,1.1.0,"reconstructed from archived public rate cards; list prices, not transactions; not the index"
2024-06-24,GIX-B200,withheld,,0,0,0,,,,,min_providers: 0 of 3 required,,,,0,,0,0,,1.1.0,"reconstructed from archived public rate cards; list prices, not transactions; not the index"
2024-06-24,GIX-A100,withheld,,1,2,1,,1.9074,1.9074,fluidstack=1.907,min_providers: 1 of 3 required,,1.7000,1.3150,1,,0,1,,1.1.0,"reconstructed from archived public rate cards; list prices, not transactions; not the index"
2024-07-01,GIX-H100,withheld,,1,1,1,,5.4740,5.4740,paperspace=5.474,min_providers: 1 of 3 required,,5.9500,2.2400,1,,0,0,,1.1.0,"reconstructed from archived public rate cards; list prices, not transactions; not the index"
2024-07-01,GIX-H200,withheld,,0,0,0,,,,,min_providers: 0 of 3 required,,,,0,,0,0,,1.1.0,"reconstructed from archived public rate cards; list prices, not transactions; not the index"
2024-07-01,GIX-B200,withheld,,0,0,0,,,,,min_providers: 0 of 3 required,,,,0,,0,0,,1.1.0,"reconstructed from archived public rate cards; list prices, not transactions; not the index"
2024-07-01,GIX-A100,withheld,,0,0,0,,,,,min_providers: 0 of 3 required,,,1.1500,1,,0,0,,1.1.0,"reconstructed from archived public rate cards; list prices, not transactions; not the index"
2024-07-08,GIX-H100,published,3.8430,3,6,3,0.2098,3.2993,5.4740,hyperstack=3.843;lambda=3.299;paperspace=5.474,,,3.5150,2.1200,3,,0,1,,1.1.0,"reconstructed from archived public rate cards; list prices, not transactions; not the index"
2024-07-08,GIX-H200,withheld,,0,0,0,,,,,min_providers: 0 of 3 required,,,,0,,0,0,,1.1.0,"reconstructed from archived public rate cards; list prices, not transactions; not the index"
2024-07-08,GIX-B200,withheld,,0,0,0,,,,,min_providers: 0 of 3 required,,,,0,,0,0,,1.1.0,"reconstructed from archived public rate cards; list prices, not transactions; not the index"
2024-07-08,GIX-A100,withheld,,2,3,2,,1.7900,2.6217,hyperstack=2.622;lambda=1.790,min_providers: 2 of 3 required,,2.2000,1.2500,2,,0,0,,1.1.0,"reconstructed from archived public rate cards; list prices, not transactions; not the index"
2024-07-15,GIX-H100,withheld,,2,3,2,,3.2993,5.4740,lambda=3.299;paperspace=5.474,min_providers: 2 of 3 required,,3.4900,2.0650,2,,0,2,,1.1.0,"reconstructed from archived public rate cards; list prices, not transactions; not the index"
2024-07-15,GIX-H200,withheld,,0,0,0,,,,,min_providers: 0 of 3 required,,,,0,,0,0,,1.1.0,"reconstructed from archived public rate cards; list prices, not transactions; not the index"
2024-07-15,GIX-B200,withheld,,0,0,0,,,,,min_providers: 0 of 3 required,,,,0,,0,0,,1.1.0,"reconstructed from archived public rate cards; list prices, not transactions; not the index"
2024-07-15,GIX-A100,withheld,,1,1,1,,1.7900,1.7900,lambda=1.790,min_providers: 1 of 3 required,,1.7900,1.1500,1,,0,1,,1.1.0,"reconstructed from archived public rate cards; list prices, not transactions; not the index"
2024-07-22,GIX-H100,published,3.2993,3,9,3,0.0866,3.1066,3.8891,datacrunch=3.107;lambda=3.299;runpod=3.889,,,3.1700,2.3000,2,1.8500,1,1,,1.1.0,"reconstructed from archived public rate cards; list prices, not transactions; not the index"
2024-07-22,GIX-H200,withheld,,0,0,0,,,,,min_providers: 0 of 3 required,,,,0,,0,0,,1.1.0,"reconstructed from archived public rate cards; list prices, not transactions; not the index"
2024-07-22,GIX-B200,withheld,,0,0,0,,,,,min_providers: 0 of 3 required,,,,0,,0,0,,1.1.0,"reconstructed from archived public rate cards; list prices, not transactions; not the index"
2024-07-22,GIX-A100,published,1.7900,3,7,3,0.0839,1.6887,1.9473,datacrunch=1.689;lambda=1.790;runpod=1.947,,,1.7500,1.2750,1,0.9300,1,1,,1.1.0,"reconstructed from archived public rate cards; list prices, not transactions; not the index"
2024-07-29,GIX-H100,withheld,,2,3,2,,3.8891,5.4740,paperspace=5.474;runpod=3.889,min_providers: 2 of 3 required,,3.9900,2.2400,1,1.8500,1,1,,1.1.0,"reconstructed from archived public rate cards; list prices, not transactions; not the index"
2024-07-29,GIX-H200,withheld,,0,0,0,,,,,min_providers: 0 of 3 required,,,,0,,0,0,,1.1.0,"reconstructed from archived public rate cards; list prices, not transactions; not the index"
2024-07-29,GIX-B200,withheld,,0,0,0,,,,,min_providers: 0 of 3 required,,,,0,,0,0,,1.1.0,"reconstructed from archived public rate cards; list prices, not transactions; not the index"
2024-07-29,GIX-A100,withheld,,1,2,1,,1.9473,1.9473,runpod=1.947,min_providers: 1 of 3 required,,1.8150,1.1500,1,0.9300,1,1,,1.1.0,"reconstructed from archived public rate cards; list prices, not transactions; not the index"
2024-08-05,GIX-H100,withheld,,0,0,0,,,,,min_providers: 0 of 3 required,,,,0,,0,0,,1.1.0,"reconstructed from archived public rate cards; list prices, not transactions; not the index"
2024-08-05,GIX-H200,withheld,,0,0,0,,,,,min_providers: 0 of 3 required,,,,0,,0,0,,1.1.0,"reconstructed from archived public rate cards; list prices, not transactions; not the index"
2024-08-05,GIX-B200,withheld,,0,0,0,,,,,min_providers: 0 of 3 required,,,,0,,0,0,,1.1.0,"reconstructed from archived public rate cards; list prices, not transactions; not the index"
2024-08-05,GIX-A100,withheld,,0,0,0,,,,,min_providers: 0 of 3 required,,,,0,,0,0,,1.1.0,"reconstructed from archived public rate cards; list prices, not transactions; not the index"
2024-08-12,GIX-H100,published,3.4978,4,10,4,0.1780,3.0493,5.4740,datacrunch=3.107;lambda=3.049;paperspace=5.474;runpod=3.889,,,3.1700,2.2400,3,1.8500,1,0,,1.1.0,"reconstructed from archived public rate cards; list prices, not transactions; not the index"
2024-08-12,GIX-H200,withheld,,0,0,0,,,,,min_providers: 0 of 3 required,,,,0,,0,0,,1.1.0,"reconstructed from archived public rate cards; list prices, not transactions; not the index"
2024-08-12,GIX-B200,withheld,,0,0,0,,,,,min_providers: 0 of 3 required,,,,0,,0,0,,1.1.0,"reconstructed from archived public rate cards; list prices, not transactions; not the index"
2024-08-12,GIX-A100,published,1.7900,3,7,3,0.0839,1.6887,1.9473,datacrunch=1.689;lambda=1.790;runpod=1.947,,,1.7500,1.2125,2,0.9300,1,0,,1.1.0,"reconstructed from archived public rate cards; list prices, not transactions; not the index"
2024-08-19,GIX-H100,withheld,,2,5,2,,3.0493,3.8430,hyperstack=3.843;lambda=3.049,min_providers: 2 of 3 required,,3.4400,2.0050,2,,0,1,,1.1.0,"reconstructed from archived public rate cards; list prices, not transactions; not the index"
2024-08-19,GIX-H200,withheld,,0,0,0,,,,,min_providers: 0 of 3 required,,,,0,,0,0,,1.1.0,"reconstructed from archived public rate cards; list prices, not transactions; not the index"
2024-08-19,GIX-B200,withheld,,0,0,0,,,,,min_providers: 0 of 3 required,,,,0,,0,0,,1.1.0,"reconstructed from archived public rate cards; list prices, not transactions; not the index"
2024-08-19,GIX-A100,withheld,,2,3,2,,1.7900,2.6217,hyperstack=2.622;lambda=1.790,min_providers: 2 of 3 required,,2.2000,1.3500,1,,0,1,,1.1.0,"reconstructed from archived public rate cards; list prices, not transactions; not the index"
2024-08-26,GIX-H100,published,3.8891,3,5,3,0.3201,3.0493,5.4740,lambda=3.049;paperspace=5.474;runpod=3.889,,,3.2900,2.0650,2,1.8500,1,1,,1.1.0,"reconstructed from archived public rate cards; list prices, not transactions; not the index"
2024-08-26,GIX-H200,withheld,,0,0,0,,,,,min_providers: 0 of 3 required,,,,0,,0,0,,1.1.0,"reconstructed from archived public rate cards; list prices, not transactions; not the index"
2024-08-26,GIX-B200,withheld,,0,0,0,,,,,min_providers: 0 of 3 required,,,,0,,0,0,,1.1.0,"reconstructed from archived public rate cards; list prices, not transactions; not the index"
2024-08-26,GIX-A100,withheld,,2,3,2,,1.7900,1.9473,lambda=1.790;runpod=1.947,min_providers: 2 of 3 required,,1.7900,1.1500,1,0.9300,1,1,,1.1.0,"reconstructed from archived public rate cards; list prices, not transactions; not the index"
2024-09-02,GIX-H100,withheld,,2,2,2,,3.6080,5.4740,fluidstack=3.608;paperspace=5.474,min_providers: 2 of 3 required,,4.4200,2.1450,2,,0,1,,1.1.0,"reconstructed from archived public rate cards; list prices, not transactions; not the index"
2024-09-02,GIX-H200,withheld,,0,0,0,,,,,min_providers: 0 of 3 required,,,,0,,0,0,,1.1.0,"reconstructed from archived public rate cards; list prices, not transactions; not the index"
2024-09-02,GIX-B200,withheld,,0,0,0,,,,,min_providers: 0 of 3 required,,,,0,,0,0,,1.1.0,"reconstructed from archived public rate cards; list prices, not transactions; not the index"
2024-09-02,GIX-A100,withheld,,1,1,1,,2.1848,2.1848,fluidstack=2.185,min_providers: 1 of 3 required,,1.7500,1.1375,2,,0,0,,1.1.0,"reconstructed from archived public rate cards; list prices, not transactions; not the index"
2024-09-09,GIX-H100,published,3.6080,3,4,3,0.0816,3.4094,5.4740,fluidstack=3.608;paperspace=5.474;runpod=3.409,,,3.1900,2.1450,2,1.6500,1,2,,1.1.0,"reconstructed from archived public rate cards; list prices, not transactions; not the index"
2024-09-09,GIX-H200,withheld,,0,0,0,,,,,min_providers: 0 of 3 required,,,,0,,0,0,,1.1.0,"reconstructed from archived public rate cards; list prices, not transactions; not the index"
2024-09-09,GIX-B200,withheld,,0,0,0,,,,,min_providers: 0 of 3 required,,,,0,,0,0,,1.1.0,"reconstructed from archived public rate cards; list prices, not transactions; not the index"
2024-09-09,GIX-A100,withheld,,2,3,2,,1.8931,2.2472,fluidstack=2.247;runpod=1.893,min_providers: 2 of 3 required,,1.8000,1.1375,2,0.9200,1,1,,1.1.0,"reconstructed from archived public rate cards; list prices, not transactions; not the index"
2024-09-16,GIX-H100,withheld,,2,3,2,,3.0493,5.4740,lambda=3.049;paperspace=5.474,min_providers: 2 of 3 required,,2.9900,2.0650,2,,0,1,,1.1.0,"reconstructed from archived public rate cards; list prices, not transactions; not the index"
2024-09-16,GIX-H200,withheld,,0,0,0,,,,,min_providers: 0 of 3 required,,,,0,,0,0,,1.1.0,"reconstructed from archived public rate cards; list prices, not transactions; not the index"
2024-09-16,GIX-B200,withheld,,0,0,0,,,,,min_providers: 0 of 3 required,,,,0,,0,0,,1.1.0,"reconstructed from archived public rate cards; list prices, not transactions; not the index"
2024-09-16,GIX-A100,withheld,,1,1,1,,1.7900,1.7900,lambda=1.790,min_providers: 1 of 3 required,,1.7900,1.1500,1,,0,0,,1.1.0,"reconstructed from archived public rate cards; list prices, not transactions; not the index"
2024-09-23,GIX-H100,published,3.4094,3,5,3,0.1566,3.0493,5.4740,lambda=3.049;paperspace=5.474;runpod=3.409,,,2.9900,2.0650,2,1.6500,1,2,,1.1.0,"reconstructed from archived public rate cards; list prices, not transactions; not the index"
2024-09-23,GIX-H200,withheld,,0,0,0,,,,,min_providers: 0 of 3 required,,,,0,,0,0,,1.1.0,"reconstructed from archived public rate cards; list prices, not transactions; not the index"
2024-09-23,GIX-B200,withheld,,0,0,0,,,,,min_providers: 0 of 3 required,,,,0,,0,0,,1.1.0,"reconstructed from archived public rate cards; list prices, not transactions; not the index"
2024-09-23,GIX-A100,withheld,,2,3,2,,1.7900,1.8931,lambda=1.790;runpod=1.893,min_providers: 2 of 3 required,,1.7900,1.1500,1,0.9200,1,1,,1.1.0,"reconstructed from archived public rate cards; list prices, not transactions; not the index"
2024-09-30,GIX-H100,withheld,,2,4,2,,2.3720,5.4740,hyperstack=2.372;paperspace=5.474,min_providers: 2 of 3 required,,2.4750,1.8050,2,,0,1,,1.1.0,"reconstructed from archived public rate cards; list prices, not transactions; not the index"
2024-09-30,GIX-H200,withheld,,0,0,0,,,,,min_providers: 0 of 3 required,,,,0,,0,0,,1.1.0,"reconstructed from archived public rate cards; list prices, not transactions; not the index"
2024-09-30,GIX-B200,withheld,,0,0,0,,,,,min_providers: 0 of 3 required,,,,0,,0,0,,1.1.0,"reconstructed from archived public rate cards; list prices, not transactions; not the index"
2024-09-30,GIX-A100,withheld,,2,4,2,,1.6026,1.9270,crusoe=1.927;hyperstack=1.603,min_providers: 2 of 3 required,,1.5250,1.1500,3,,0,0,,1.1.0,"reconstructed from archived public rate cards; list prices, not transactions; not the index"
2024-10-07,GIX-H100,withheld,,2,7,2,,3.0282,3.0546,lambda=3.028;runpod=3.055,min_providers: 2 of 3 required,,2.9900,1.8900,1,1.6500,1,0,,1.1.0,"reconstructed from archived public rate cards; list prices, not transactions; not the index"
2024-10-07,GIX-H200,withheld,,0,0,0,,,,,min_providers: 0 of 3 required,,,,0,,0,0,,1.1.0,"reconstructed from archived public rate cards; list prices, not transactions; not the index"
2024-10-07,GIX-B200,withheld,,0,0,0,,,,,min_providers: 0 of 3 required,,,,0,,0,0,,1.1.0,"reconstructed from archived public rate cards; list prices, not transactions; not the index"
2024-10-07,GIX-A100,withheld,,2,3,2,,1.7900,1.8931,lambda=1.790;runpod=1.893,min_providers: 2 of 3 required,,1.7900,,0,0.9200,1,0,,1.1.0,"reconstructed from archived public rate cards; list prices, not transactions; not the index"
2024-10-14,GIX-H100,withheld,,1,2,1,,3.5291,3.5291,digitalocean=3.529,min_providers: 1 of 3 required,,3.1900,2.5000,1,,0,0,,1.1.0,"reconstructed from archived public rate cards; list prices, not transactions; not the index"
2024-10-14,GIX-H200,withheld,,0,0,0,,,,,min_providers: 0 of 3 required,,,,0,,0,0,,1.1.0,"reconstructed from archived public rate cards; list prices, not transactions; not the index"
2024-10-14,GIX-B200,withheld,,0,0,0,,,,,min_providers: 0 of 3 required,,,,0,,0,0,,1.1.0,"reconstructed from archived public rate cards; list prices, not transactions; not the index"
2024-10-14,GIX-A100,withheld,,0,0,0,,,,,min_providers: 0 of 3 required,,,,0,,0,0,,1.1.0,"reconstructed from archived public rate cards; list prices, not transactions; not the index"
2024-10-21,GIX-H100,withheld,,0,0,0,,,,,min_providers: 0 of 3 required,,,,0,,0,0,,1.1.0,"reconstructed from archived public rate cards; list prices, not transactions; not the index"
2024-10-21,GIX-H200,withheld,,0,0,0,,,,,min_providers: 0 of 3 required,,,,0,,0,0,,1.1.0,"reconstructed from archived public rate cards; list prices, not transactions; not the index"
2024-10-21,GIX-B200,withheld,,0,0,0,,,,,min_providers: 0 of 3 required,,,,0,,0,0,,1.1.0,"reconstructed from archived public rate cards; list prices, not transactions; not the index"
2024-10-21,GIX-A100,withheld,,0,0,0,,,,,min_providers: 0 of 3 required,,,,0,,0,0,,1.1.0,"reconstructed from archived public rate cards; list prices, not transactions; not the index"
2024-10-28,GIX-H100,withheld,,2,10,2,,2.5175,3.0282,datacrunch=2.517;lambda=3.028,min_providers: 2 of 3 required,,2.6500,2.2650,1,,0,0,,1.1.0,"reconstructed from archived public rate cards; list prices, not transactions; not the index"
2024-10-28,GIX-H200,withheld,,1,4,1,,3.4643,3.4643,datacrunch=3.464,min_providers: 1 of 3 required,,3.5900,3.0687,1,,0,0,,1.1.0,"reconstructed from archived public rate cards; list prices, not transactions; not the index"
2024-10-28,GIX-B200,withheld,,0,0,0,,,,,min_providers: 0 of 3 required,,,,0,,0,0,,1.1.0,"reconstructed from archived public rate cards; list prices, not transactions; not the index"
2024-10-28,GIX-A100,withheld,,2,5,2,,1.5922,1.7900,datacrunch=1.592;lambda=1.790,min_providers: 2 of 3 required,,1.6500,1.2381,1,,0,0,,1.1.0,"reconstructed from archived public rate cards; list prices, not transactions; not the index"
2024-11-04,GIX-H100,withheld,,1,2,1,,3.0546,3.0546,runpod=3.055,min_providers: 1 of 3 required,,2.8400,,0,1.6500,1,0,,1.1.0,"reconstructed from archived public rate cards; list prices, not transactions; not the index"
2024-11-04,GIX-H200,withheld,,1,1,1,,3.6708,3.6708,runpod=3.671,min_providers: 1 of 3 required,,3.9900,,0,0.5000,1,0,,1.1.0,"reconstructed from archived public rate cards; list prices, not transactions; not the index"
2024-11-04,GIX-B200,withheld,,0,0,0,,,,,min_providers: 0 of 3 required,,,,0,,0,0,,1.1.0,"reconstructed from archived public rate cards; list prices, not transactions; not the index"
2024-11-04,GIX-A100,withheld,,1,2,1,,1.8931,1.8931,runpod=1.893,min_providers: 1 of 3 required,,1.7650,,0,0.9200,1,0,,1.1.0,"reconstructed from archived public rate cards; list prices, not transactions; not the index"
2024-11-11,GIX-H100,withheld,,2,4,2,,2.8320,3.0546,nebius=2.832;runpod=3.055,min_providers: 2 of 3 required,,2.9500,2.0000,1,1.6500,1,1,,1.1.0,"reconstructed from archived public rate cards; list prices, not transactions; not the index"
2024-11-11,GIX-H200,withheld,,2,3,2,,3.3600,3.6708,nebius=3.360;runpod=3.671,min_providers: 2 of 3 required,,3.5000,2.3000,1,0.5000,1,1,,1.1.0,"reconstructed from archived public rate cards; list prices, not transactions; not the index"
2024-11-11,GIX-B200,withheld,,0,0,0,,,,,min_providers: 0 of 3 required,,,,0,,0,0,,1.1.0,"reconstructed from archived public rate cards; list prices, not transactions; not the index"
2024-11-11,GIX-A100,withheld,,1,2,1,,1.8931,1.8931,runpod=1.893,min_providers: 1 of 3 required,,1.7650,,0,0.9200,1,1,,1.1.0,"reconstructed from archived public rate cards; list prices, not transactions; not the index"
2024-11-18,GIX-H100,published,2.9301,4,12,4,0.0563,2.3720,3.0546,hyperstack=2.372;lambda=3.028;nebius=2.832;runpod=3.055,,,2.9700,1.6850,2,1.6500,1,2,,1.1.0,"reconstructed from archived public rate cards; list prices, not transactions; not the index"
2024-11-18,GIX-H200,withheld,,2,3,2,,3.3600,3.6708,nebius=3.360;runpod=3.671,min_providers: 2 of 3 required,,3.5000,2.3000,1,0.5000,1,2,,1.1.0,"reconstructed from archived public rate cards; list prices, not transactions; not the index"
2024-11-18,GIX-B200,withheld,,0,0,0,,,,,min_providers: 0 of 3 required,,,,0,,0,0,,1.1.0,"reconstructed from archived public rate cards; list prices, not transactions; not the index"
2024-11-18,GIX-A100,published,1.7900,3,5,3,0.0854,1.6026,1.8931,hyperstack=1.603;lambda=1.790;runpod=1.893,,,1.6400,0.9650,1,0.9200,1,1,,1.1.0,"reconstructed from archived public rate cards; list prices, not transactions; not the index"
2024-11-25,GIX-H100,published,3.0546,3,8,3,0.0128,3.0282,5.4740,lambda=3.028;paperspace=5.474;runpod=3.055,,,3.0400,2.2400,1,1.6500,1,2,,1.1.0,"reconstructed from archived public rate cards; list prices, not transactions; not the index"
2024-11-25,GIX-H200,withheld,,1,1,1,,3.6708,3.6708,runpod=3.671,min_providers: 1 of 3 required,,3.9900,,0,0.5000,1,1,,1.1.0,"reconstructed from archived public rate cards; list prices, not transactions; not the index"
2024-11-25,GIX-B200,withheld,,0,0,0,,,,,min_providers: 0 of 3 required,,,,0,,0,0,,1.1.0,"reconstructed from archived public rate cards; list prices, not transactions; not the index"
2024-11-25,GIX-A100,withheld,,2,3,2,,1.7900,1.8931,lambda=1.790;runpod=1.893,min_providers: 2 of 3 required,,1.7900,1.1500,1,0.9200,1,2,,1.1.0,"reconstructed from archived public rate cards; list prices, not transactions; not the index"
2024-12-02,GIX-H100,withheld,,2,6,2,,2.5175,5.4740,datacrunch=2.517;paperspace=5.474,min_providers: 2 of 3 required,,2.6500,2.2525,2,,0,1,,1.1.0,"reconstructed from archived public rate cards; list prices, not transactions; not the index"
2024-12-02,GIX-H200,withheld,,1,4,1,,2.9239,2.9239,datacrunch=2.924,min_providers: 1 of 3 required,,3.0300,2.5906,1,,0,0,,1.1.0,"reconstructed from archived public rate cards; list prices, not transactions; not the index"
2024-12-02,GIX-B200,withheld,,0,0,0,,,,,min_providers: 0 of 3 required,,,,0,,0,0,,1.1.0,"reconstructed from archived public rate cards; list prices, not transactions; not the index"
2024-12-02,GIX-A100,withheld,,1,4,1,,1.5922,1.5922,datacrunch=1.592,min_providers: 1 of 3 required,,1.6500,1.1941,2,,0,0,,1.1.0,"reconstructed from archived public rate cards; list prices, not transactions; not the index"
2024-12-09,GIX-H100,published,3.0546,5,12,5,0.1080,2.8320,5.4740,digitalocean=3.529;lambda=3.028;nebius=2.832;paperspace=5.474;runpod=3.055,,,2.9900,2.2400,3,1.6500,1,1,,1.1.0,"reconstructed from archived public rate cards; list prices, not transactions; not the index"
2024-12-09,GIX-H200,withheld,,2,3,2,,3.3600,3.6708,nebius=3.360;runpod=3.671,min_providers: 2 of 3 required,,3.5000,2.3000,1,0.5000,1,0,,1.1.0,"reconstructed from archived public rate cards; list prices, not transactions; not the index"
2024-12-09,GIX-B200,withheld,,0,0,0,,,,,min_providers: 0 of 3 required,,,,0,,0,0,,1.1.0,"reconstructed from archived public rate cards; list prices, not transactions; not the index"
2024-12-09,GIX-A100,withheld,,2,3,2,,1.7900,1.8931,lambda=1.790;runpod=1.893,min_providers: 2 of 3 required,,1.7900,1.1500,1,0.9200,1,0,,1.1.0,"reconstructed from archived public rate cards; list prices, not transactions; not the index"
2024-12-16,GIX-H100,published,2.8320,3,7,3,0.1165,2.3720,3.0546,hyperstack=2.372;nebius=2.832;runpod=3.055,,,2.9500,1.6850,2,1.6500,1,2,,1.1.0,"reconstructed from archived public rate cards; list prices, not transactions; not the index"
2024-12-16,GIX-H200,withheld,,2,3,2,,3.3600,3.6708,nebius=3.360;runpod=3.671,min_providers: 2 of 3 required,,3.5000,2.3000,1,0.5000,1,2,,1.1.0,"reconstructed from archived public rate cards; list prices, not transactions; not the index"
2024-12-16,GIX-B200,withheld,,0,0,0,,,,,min_providers: 0 of 3 required,,,,0,,0,0,,1.1.0,"reconstructed from archived public rate cards; list prices, not transactions; not the index"
2024-12-16,GIX-A100,withheld,,2,4,2,,1.6026,1.8931,hyperstack=1.603;runpod=1.893,min_providers: 2 of 3 required,,1.5200,0.9650,1,0.9200,1,1,,1.1.0,"reconstructed from archived public rate cards; list prices, not transactions; not the index"
2024-12-23,GIX-H100,published,3.0282,5,13,5,0.0961,2.3720,5.4740,hyperstack=2.372;lambda=3.028;nebius=2.832;paperspace=5.474;runpod=3.055,,,2.9900,2.0000,3,1.6500,1,3,0.000000,1.1.0,"reconstructed from archived public rate cards; list prices, not transactions; not the index"
2024-12-23,GIX-H200,withheld,,2,3,2,,3.3600,3.6708,nebius=3.360;runpod=3.671,min_providers: 2 of 3 required,,3.5000,2.3000,1,0.5000,1,2,,1.1.0,"reconstructed from archived public rate cards; list prices, not transactions; not the index"
2024-12-23,GIX-B200,withheld,,0,0,0,,,,,min_providers: 0 of 3 required,,,,0,,0,0,,1.1.0,"reconstructed from archived public rate cards; list prices, not transactions; not the index"
2024-12-23,GIX-A100,published,1.7900,3,5,3,0.0854,1.6026,1.8931,hyperstack=1.603;lambda=1.790;runpod=1.893,,,1.6400,1.0575,2,0.9200,1,2,,1.1.0,"reconstructed from archived public rate cards; list prices, not transactions; not the index"
2024-12-30,GIX-H100,published,3.5291,3,8,3,0.2104,3.0282,6.1550,coreweave=6.155;digitalocean=3.529;lambda=3.028,,,3.1400,2.5000,1,,0,1,,1.1.0,"reconstructed from archived public rate cards; list prices, not transactions; not the index"
2024-12-30,GIX-H200,withheld,,1,1,1,,6.3050,6.3050,coreweave=6.305,min_providers: 1 of 3 required,,6.3050,,0,,0,0,,1.1.0,"reconstructed from archived public rate cards; list prices, not transactions; not the index"
2024-12-30,GIX-B200,withheld,,0,0,0,,,,,min_providers: 0 of 3 required,,,,0,,0,0,,1.1.0,"reconstructed from archived public rate cards; list prices, not transactions; not the index"
2024-12-30,GIX-A100,withheld,,1,1,1,,1.7900,1.7900,lambda=1.790,min_providers: 1 of 3 required,,1.7900,,0,,0,1,,1.1.0,"reconstructed from archived public rate cards; list prices, not transactions; not the index"
2025-01-06,GIX-H100,withheld,,1,1,1,,3.6080,3.6080,fluidstack=3.608,min_providers: 1 of 3 required,,2.8900,2.0500,1,,0,0,,1.1.0,"reconstructed from archived public rate cards; list prices, not transactions; not the index"
2025-01-06,GIX-H200,withheld,,0,0,0,,,,,min_providers: 0 of 3 required,,,2.4500,1,,0,0,,1.1.0,"reconstructed from archived public rate cards; list prices, not transactions; not the index"
2025-01-06,GIX-B200,withheld,,0,0,0,,,,,min_providers: 0 of 3 required,,,,0,,0,0,,1.1.0,"reconstructed from archived public rate cards; list prices, not transactions; not the index"
2025-01-06,GIX-A100,withheld,,1,1,1,,2.2472,2.2472,fluidstack=2.247,min_providers: 1 of 3 required,,1.8000,1.1250,1,,0,0,,1.1.0,"reconstructed from archived public rate cards; list prices, not transactions; not the index"
2025-01-13,GIX-H100,published,3.0282,5,15,5,0.2452,2.5175,5.4740,datacrunch=2.517;digitalocean=3.529;lambda=3.028;nebius=2.832;paperspace=5.474,,,2.9500,2.2525,4,,0,0,,1.1.0,"reconstructed from archived public rate cards; list prices, not transactions; not the index"
2025-01-13,GIX-H200,withheld,,2,6,2,,3.3600,3.5898,datacrunch=3.590;nebius=3.360,min_providers: 2 of 3 required,,3.7200,2.7400,2,,0,0,,1.1.0,"reconstructed from archived public rate cards; list prices, not transactions; not the index"
2025-01-13,GIX-B200,withheld,,0,0,0,,,,,min_providers: 0 of 3 required,,,,0,,0,0,,1.1.0,"reconstructed from archived public rate cards; list prices, not transactions; not the index"
2025-01-13,GIX-A100,withheld,,2,5,2,,1.6887,1.7900,datacrunch=1.689;lambda=1.790,min_providers: 2 of 3 required,,1.7500,1.2125,2,,0,0,,1.1.0,"reconstructed from archived public rate cards; list prices, not transactions; not the index"
2025-01-20,GIX-H100,published,2.8496,4,12,4,0.0510,2.3720,3.0282,hyperstack=2.372;lambda=3.028;nebius=2.832;runpod=2.867,,,2.9700,1.6850,2,1.6500,1,2,,1.1.0,"reconstructed from archived public rate cards; list prices, not transactions; not the index"
2025-01-20,GIX-H200,withheld,,2,3,2,,3.3600,3.6708,nebius=3.360;runpod=3.671,min_providers: 2 of 3 required,,3.5000,2.3000,1,0.5000,1,1,,1.1.0,"reconstructed from archived public rate cards; list prices, not transactions; not the index"
2025-01-20,GIX-B200,withheld,,0,0,0,,,,,min_providers: 0 of 3 required,,,,0,,0,0,,1.1.0,"reconstructed from archived public rate cards; list prices, not transactions; not the index"
2025-01-20,GIX-A100,published,1.7900,3,5,3,0.0854,1.6026,1.8931,hyperstack=1.603;lambda=1.790;runpod=1.893,,,1.6400,0.9650,1,0.9200,1,1,,1.1.0,"reconstructed from archived public rate cards; list prices, not transactions; not the index"
2025-01-27,GIX-H100,published,3.1498,6,15,6,0.1557,2.3720,5.4740,digitalocean=3.529;fluidstack=3.271;hyperstack=2.372;lambda=3.028;paperspace=5.474;runpod=2.867,,,2.9900,2.2400,3,1.6500,1,3,0.000000,1.1.0,"reconstructed from archived public rate cards; list prices, not transactions; not the index"
2025-01-27,GIX-H200,withheld,,1,1,1,,3.6708,3.6708,runpod=3.671,min_providers: 1 of 3 required,,3.9900,,0,0.5000,1,1,,1.1.0,"reconstructed from archived public rate cards; list prices, not transactions; not the index"
2025-01-27,GIX-B200,withheld,,0,0,0,,,,,min_providers: 0 of 3 required,,,,0,,0,0,,1.1.0,"reconstructed from archived public rate cards; list prices, not transactions; not the index"
2025-01-27,GIX-A100,published,1.8416,4,6,4,0.1169,1.6026,2.2472,fluidstack=2.247;hyperstack=1.603;lambda=1.790;runpod=1.893,,,1.7150,1.0575,2,0.9200,1,3,0.000000,1.1.0,"reconstructed from archived public rate cards; list prices, not transactions; not the index"
2025-02-03,GIX-H100,published,2.8673,3,9,3,0.2090,2.0805,3.2714,datacrunch=2.080;fluidstack=3.271;runpod=2.867,,,2.1900,1.8725,1,1.6500,1,2,,1.1.0,"reconstructed from archived public rate cards; list prices, not transactions; not the index"
2025-02-03,GIX-H200,withheld,,2,5,2,,3.5898,3.6708,datacrunch=3.590;runpod=3.671,min_providers: 2 of 3 required,,3.7200,3.1800,1,0.5000,1,1,,1.1.0,"reconstructed from archived public rate cards; list prices, not transactions; not the index"
2025-02-03,GIX-B200,withheld,,0,0,0,,,,,min_providers: 0 of 3 required,,,,0,,0,0,,1.1.0,"reconstructed from archived public rate cards; list prices, not transactions; not the index"
2025-02-03,GIX-A100,published,1.8931,3,7,3,0.1601,1.6887,2.2472,datacrunch=1.689;fluidstack=2.247;runpod=1.893,,,1.7500,1.2750,1,0.9200,1,2,,1.1.0,"reconstructed from archived public rate cards; list prices, not transactions; not the index"
2025-02-10,GIX-H100,published,2.7001,4,14,4,0.2602,2.0805,6.1550,coreweave=6.155;datacrunch=2.080;hyperstack=2.372;lambda=3.028,,,2.3400,1.6213,2,,0,1,,1.1.0,"reconstructed from archived public rate cards; list prices, not transactions; not the index"
2025-02-10,GIX-H200,withheld,,2,5,2,,3.5898,6.3050,coreweave=6.305;datacrunch=3.590,min_providers: 2 of 3 required,,3.7200,3.1800,1,,0,1,,1.1.0,"reconstructed from archived public rate cards; list prices, not transactions; not the index"
2025-02-10,GIX-B200,withheld,,0,0,0,,,,,min_providers: 0 of 3 required,,,,0,,0,0,,1.1.0,"reconstructed from archived public rate cards; list prices, not transactions; not the index"
2025-02-10,GIX-A100,published,1.6887,3,7,3,0.0756,1.6026,1.7900,datacrunch=1.689;hyperstack=1.603;lambda=1.790,,,1.7500,1.1200,2,,0,1,,1.1.0,"reconstructed from archived public rate cards; list prices, not transactions; not the index"
2025-02-17,GIX-H100,withheld,,0,0,0,,,,,min_providers: 0 of 3 required,,,,0,,0,0,,1.1.0,"reconstructed from archived public rate cards; list prices, not transactions; not the index"
2025-02-17,GIX-H200,withheld,,0,0,0,,,,,min_providers: 0 of 3 required,,,,0,,0,0,,1.1.0,"reconstructed from archived public rate cards; list prices, not transactions; not the index"
2025-02-17,GIX-B200,withheld,,0,0,0,,,,,min_providers: 0 of 3 required,,,,0,,0,0,,1.1.0,"reconstructed from archived public rate cards; list prices, not transactions; not the index"
2025-02-17,GIX-A100,withheld,,0,0,0,,,,,min_providers: 0 of 3 required,,,,0,,0,0,,1.1.0,"reconstructed from archived public rate cards; list prices, not transactions; not the index"
2025-02-24,GIX-H100,withheld,,2,7,2,,2.8673,3.0282,lambda=3.028;runpod=2.867,min_providers: 2 of 3 required,,2.9900,,0,1.6500,1,0,,1.1.0,"reconstructed from archived public rate cards; list prices, not transactions; not the index"
2025-02-24,GIX-H200,withheld,,1,1,1,,3.6708,3.6708,runpod=3.671,min_providers: 1 of 3 required,,3.9900,,0,0.5000,1,0,,1.1.0,"reconstructed from archived public rate cards; list prices, not transactions; not the index"
2025-02-24,GIX-B200,withheld,,0,0,0,,,,,min_providers: 0 of 3 required,,,,0,,0,0,,1.1.0,"reconstructed from archived public rate cards; list prices, not transactions; not the index"
2025-02-24,GIX-A100,withheld,,2,3,2,,1.7900,1.8931,lambda=1.790;runpod=1.893,min_providers: 2 of 3 required,,1.7900,,0,0.9200,1,0,,1.1.0,"reconstructed from archived public rate cards; list prices, not transactions; not the index"
2025-03-03,GIX-H100,published,3.3324,4,6,4,0.1472,2.8673,6.1550,coreweave=6.155;digitalocean=3.529;nebius=3.136;runpod=2.867,,,2.9900,2.5000,1,1.6500,1,1,,1.1.0,"reconstructed from archived public rate cards; list prices, not transactions; not the index"
2025-03-03,GIX-H200,published,3.7204,3,3,3,0.0198,3.6708,6.3050,coreweave=6.305;nebius=3.720;runpod=3.671,,,3.9900,,0,0.5000,1,1,,1.1.0,"reconstructed from archived public rate cards; list prices, not transactions; not the index"
2025-03-03,GIX-B200,withheld,,0,0,0,,,,,min_providers: 0 of 3 required,,,,0,,0,0,,1.1.0,"reconstructed from archived public rate cards; list prices, not transactions; not the index"
2025-03-03,GIX-A100,withheld,,1,2,1,,1.8931,1.8931,runpod=1.893,min_providers: 1 of 3 required,,1.7650,,0,0.9200,1,1,,1.1.0,"reconstructed from archived public rate cards; list prices, not transactions; not the index"
2025-03-10,GIX-H100,withheld,,1,1,1,,3.1358,3.1358,nebius=3.136,min_providers: 1 of 3 required,,2.9500,,0,,0,1,,1.1.0,"reconstructed from archived public rate cards; list prices, not transactions; not the index"
2025-03-10,GIX-H200,withheld,,1,1,1,,3.7204,3.7204,nebius=3.720,min_providers: 1 of 3 required,,3.5000,,0,,0,1,,1.1.0,"reconstructed from archived public rate cards; list prices, not transactions; not the index"
2025-03-10,GIX-B200,withheld,,0,0,0,,,,,min_providers: 0 of 3 required,,,,0,,0,0,,1.1.0,"reconstructed from archived public rate cards; list prices, not transactions; not the index"
2025-03-10,GIX-A100,withheld,,0,0,0,,,,,min_providers: 0 of 3 required,,,,0,,0,0,,1.1.0,"reconstructed from archived public rate cards; list prices, not transactions; not the index"
2025-03-17,GIX-H100,withheld,,1,5,1,,3.0282,3.0282,lambda=3.028,min_providers: 1 of 3 required,,3.0900,,0,,0,0,,1.1.0,"reconstructed from archived public rate cards; list prices, not transactions; not the index"
2025-03-17,GIX-H200,withheld,,0,0,0,,,,,min_providers: 0 of 3 required,,,,0,,0,0,,1.1.0,"reconstructed from archived public rate cards; list prices, not transactions; not the index"
2025-03-17,GIX-B200,withheld,,0,0,0,,,,,min_providers: 0 of 3 required,,,,0,,0,0,,1.1.0,"reconstructed from archived public rate cards; list prices, not transactions; not the index"
2025-03-17,GIX-A100,withheld,,1,1,1,,1.7900,1.7900,lambda=1.790,min_providers: 1 of 3 required,,1.7900,,0,,0,0,,1.1.0,"reconstructed from archived public rate cards; list prices, not transactions; not the index"
2025-03-24,GIX-H100,withheld,,2,6,2,,3.0282,5.4740,lambda=3.028;paperspace=5.474,min_providers: 2 of 3 required,,3.1400,2.2400,1,,0,1,,1.1.0,"reconstructed from archived public rate cards; list prices, not transactions; not the index"
2025-03-24,GIX-H200,withheld,,0,0,0,,,,,min_providers: 0 of 3 required,,,,0,,0,0,,1.1.0,"reconstructed from archived public rate cards; list prices, not transactions; not the index"
2025-03-24,GIX-B200,withheld,,0,0,0,,,,,min_providers: 0 of 3 required,,,,0,,0,0,,1.1.0,"reconstructed from archived public rate cards; list prices, not transactions; not the index"
2025-03-24,GIX-A100,withheld,,1,1,1,,1.7900,1.7900,lambda=1.790,min_providers: 1 of 3 required,,1.7900,1.1500,1,,0,1,,1.1.0,"reconstructed from archived public rate cards; list prices, not transactions; not the index"
2025-03-31,GIX-H100,withheld,,0,0,0,,,,,min_providers: 0 of 3 required,,,,0,,0,0,,1.1.0,"reconstructed from archived public rate cards; list prices, not transactions; not the index"
2025-03-31,GIX-H200,withheld,,0,0,0,,,,,min_providers: 0 of 3 required,,,,0,,0,0,,1.1.0,"reconstructed from archived public rate cards; list prices, not transactions; not the index"
2025-03-31,GIX-B200,withheld,,0,0,0,,,,,min_providers: 0 of 3 required,,,,0,,0,0,,1.1.0,"reconstructed from archived public rate cards; list prices, not transactions; not the index"
2025-03-31,GIX-A100,withheld,,0,0,0,,,,,min_providers: 0 of 3 required,,,,0,,0,0,,1.1.0,"reconstructed from archived public rate cards; list prices, not transactions; not the index"
2025-04-07,GIX-H100,withheld,,1,5,1,,3.0282,3.0282,lambda=3.028,min_providers: 1 of 3 required,,3.0900,,0,,0,0,,1.1.0,"reconstructed from archived public rate cards; list prices, not transactions; not the index"
2025-04-07,GIX-H200,withheld,,0,0,0,,,,,min_providers: 0 of 3 required,,,,0,,0,0,,1.1.0,"reconstructed from archived public rate cards; list prices, not transactions; not the index"
2025-04-07,GIX-B200,withheld,,0,0,0,,,,,min_providers: 0 of 3 required,,,,0,,0,0,,1.1.0,"reconstructed from archived public rate cards; list prices, not transactions; not the index"
2025-04-07,GIX-A100,withheld,,1,1,1,,1.7900,1.7900,lambda=1.790,min_providers: 1 of 3 required,,1.7900,,0,,0,0,,1.1.0,"reconstructed from archived public rate cards; list prices, not transactions; not the index"
2025-04-14,GIX-H100,published,2.8673,3,8,3,0.4068,2.0805,6.1550,coreweave=6.155;datacrunch=2.080;runpod=2.867,,,2.1900,1.8725,1,1.6500,1,0,,1.1.0,"reconstructed from archived public rate cards; list prices, not transactions; not the index"
2025-04-14,GIX-H200,published,3.6708,3,6,3,0.1964,3.1845,6.3050,coreweave=6.305;datacrunch=3.184;runpod=3.671,,,3.3000,2.8213,1,3.5900,1,0,,1.1.0,"reconstructed from archived public rate cards; list prices, not transactions; not the index"
2025-04-14,GIX-B200,withheld,,2,5,2,,4.3329,8.4931,datacrunch=4.333;runpod=8.493,min_providers: 2 of 3 required,,4.4900,3.8400,1,0.5000,1,0,,1.1.0,"reconstructed from archived public rate cards; list prices, not transactions; not the index"
2025-04-14,GIX-A100,withheld,,2,6,2,,1.6887,1.8931,datacrunch=1.689;runpod=1.893,min_providers: 2 of 3 required,,1.7500,1.3125,1,0.9200,1,0,,1.1.0,"reconstructed from archived public rate cards; list prices, not transactions; not the index"
2025-04-21,GIX-H100,published,3.0282,3,9,3,0.0788,2.8673,3.2714,fluidstack=3.271;lambda=3.028;runpod=2.867,,,2.9900,,0,1.6500,1,1,,1.1.0,"reconstructed from archived public rate cards; list prices, not transactions; not the index"
2025-04-21,GIX-H200,withheld,,1,1,1,,3.6708,3.6708,runpod=3.671,min_providers: 1 of 3 required,,3.9900,,0,3.5900,1,1,,1.1.0,"reconstructed from archived public rate cards; list prices, not transactions; not the index"
2025-04-21,GIX-B200,withheld,,1,1,1,,8.4931,8.4931,runpod=8.493,min_providers: 1 of 3 required,,7.9900,,0,0.5000,1,1,,1.1.0,"reconstructed from archived public rate cards; list prices, not transactions; not the index"
2025-04-21,GIX-A100,published,1.8931,3,4,3,0.0808,1.7900,2.2472,fluidstack=2.247;lambda=1.790;runpod=1.893,,,1.7950,,0,0.9200,1,1,,1.1.0,"reconstructed from archived public rate cards; list prices, not transactions; not the index"
2025-04-28,GIX-H100,withheld,,2,4,2,,2.8673,3.2714,fluidstack=3.271;runpod=2.867,min_providers: 2 of 3 required,,2.9400,,0,1.6500,1,2,,1.1.0,"reconstructed from archived public rate cards; list prices, not transactions; not the index"
2025-04-28,GIX-H200,withheld,,1,1,1,,3.6708,3.6708,runpod=3.671,min_providers: 1 of 3 required,,3.9900,,0,3.5900,1,1,,1.1.0,"reconstructed from archived public rate cards; list prices, not transactions; not the index"
2025-04-28,GIX-B200,withheld,,1,1,1,,8.4931,8.4931,runpod=8.493,min_providers: 1 of 3 required,,7.9900,,0,0.5000,1,1,,1.1.0,"reconstructed from archived public rate cards; list prices, not transactions; not the index"
2025-04-28,GIX-A100,withheld,,2,3,2,,1.8931,2.2472,fluidstack=2.247;runpod=1.893,min_providers: 2 of 3 required,,1.8000,,0,0.9200,1,2,,1.1.0,"reconstructed from archived public rate cards; list prices, not transactions; not the index"
2025-05-05,GIX-H100,withheld,,1,1,1,,6.1550,6.1550,coreweave=6.155,min_providers: 1 of 3 required,,6.1550,,0,,0,0,,1.1.0,"reconstructed from archived public rate cards; list prices, not transactions; not the index"
2025-05-05,GIX-H200,withheld,,1,1,1,,6.3050,6.3050,coreweave=6.305,min_providers: 1 of 3 required,,6.3050,,0,,0,0,,1.1.0,"reconstructed from archived public rate cards; list prices, not transactions; not the index"
2025-05-05,GIX-B200,withheld,,0,0,0,,,,,min_providers: 0 of 3 required,,,,0,,0,0,,1.1.0,"reconstructed from archived public rate cards; list prices, not transactions; not the index"
2025-05-05,GIX-A100,withheld,,1,1,1,,3.1196,3.1196,coreweave=3.120,min_providers: 1 of 3 required,,2.7000,,0,,0,0,,1.1.0,"reconstructed from archived public rate cards; list prices, not transactions; not the index"
2025-05-12,GIX-H100,withheld,,0,0,0,,,,,min_providers: 0 of 3 required,,,,0,,0,0,,1.1.0,"reconstructed from archived public rate cards; list prices, not transactions; not the index"
2025-05-12,GIX-H200,withheld,,0,0,0,,,,,min_providers: 0 of 3 required,,,,0,,0,0,,1.1.0,"reconstructed from archived public rate cards; list prices, not transactions; not the index"
2025-05-12,GIX-B200,withheld,,0,0,0,,,,,min_providers: 0 of 3 required,,,,0,,0,0,,1.1.0,"reconstructed from archived public rate cards; list prices, not transactions; not the index"
2025-05-12,GIX-A100,withheld,,0,0,0,,,,,min_providers: 0 of 3 required,,,,0,,0,0,,1.1.0,"reconstructed from archived public rate cards; list prices, not transactions; not the index"
2025-05-19,GIX-H100,published,2.8673,3,6,3,0.3409,2.2080,3.5880,crusoe=3.588;hyperstack=2.208;runpod=2.867,,,2.3950,2.1500,2,1.6500,1,0,,1.1.0,"reconstructed from archived public rate cards; list prices, not transactions; not the index"
2025-05-19,GIX-H200,withheld,,2,2,2,,3.6708,3.9468,crusoe=3.947;runpod=3.671,min_providers: 2 of 3 required,,4.1400,3.2200,1,3.5900,1,0,,1.1.0,"reconstructed from archived public rate cards; list prices, not transactions; not the index"
2025-05-19,GIX-B200,withheld,,1,1,1,,6.7924,6.7924,runpod=6.792,min_providers: 1 of 3 required,,6.3900,,0,0.5000,1,0,,1.1.0,"reconstructed from archived public rate cards; list prices, not transactions; not the index"
2025-05-19,GIX-A100,published,1.8931,3,6,3,0.0265,1.6026,1.9270,crusoe=1.927;hyperstack=1.603;runpod=1.893,,,1.6450,1.1025,2,0.9200,1,0,,1.1.0,"reconstructed from archived public rate cards; list prices, not transactions; not the index"
2025-05-26,GIX-H100,withheld,,1,1,1,,3.5880,3.5880,crusoe=3.588,min_providers: 1 of 3 required,,3.9000,2.9300,1,,0,1,,1.1.0,"reconstructed from archived public rate cards; list prices, not transactions; not the index"
2025-05-26,GIX-H200,withheld,,1,1,1,,3.9468,3.9468,crusoe=3.947,min_providers: 1 of 3 required,,4.2900,3.2200,1,,0,1,,1.1.0,"reconstructed from archived public rate cards; list prices, not transactions; not the index"
2025-05-26,GIX-B200,withheld,,0,0,0,,,,,min_providers: 0 of 3 required,,,,0,,0,0,,1.1.0,"reconstructed from archived public rate cards; list prices, not transactions; not the index"
2025-05-26,GIX-A100,withheld,,1,2,1,,1.9270,1.9270,crusoe=1.927,min_providers: 1 of 3 required,,1.8000,1.2400,1,,0,1,,1.1.0,"reconstructed from archived public rate cards; list prices, not transactions; not the index"
2025-06-02,GIX-H100,withheld,,1,5,1,,3.0282,3.0282,lambda=3.028,min_providers: 1 of 3 required,,3.0900,,0,,0,0,,1.1.0,"reconstructed from archived public rate cards; list prices, not transactions; not the index"
2025-06-02,GIX-H200,withheld,,0,0,0,,,,,min_providers: 0 of 3 required,,,,0,,0,0,,1.1.0,"reconstructed from archived public rate cards; list prices, not transactions; not the index"
2025-06-02,GIX-B200,withheld,,0,0,0,,,,,min_providers: 0 of 3 required,,,,0,,0,0,,1.1.0,"reconstructed from archived public rate cards; list prices, not transactions; not the index"
2025-06-02,GIX-A100,withheld,,1,1,1,,1.7900,1.7900,lambda=1.790,min_providers: 1 of 3 required,,1.7900,,0,,0,0,,1.1.0,"reconstructed from archived public rate cards; list prices, not transactions; not the index"
2025-06-09,GIX-H100,published,3.5880,3,4,3,0.2978,2.8673,6.1550,coreweave=6.155;crusoe=3.588;runpod=2.867,,,3.4450,2.9300,1,1.6500,1,0,,1.1.0,"reconstructed from archived public rate cards; list prices, not transactions; not the index"
2025-06-09,GIX-H200,published,3.9468,3,3,3,0.1037,3.6708,6.3050,coreweave=6.305;crusoe=3.947;runpod=3.671,,,4.2900,3.2200,1,3.5900,1,0,,1.1.0,"reconstructed from archived public rate cards; list prices, not transactions; not the index"
2025-06-09,GIX-B200,withheld,,2,2,2,,6.7924,9.9364,coreweave=9.936;runpod=6.792,min_providers: 2 of 3 required,,7.4950,,0,0.5000,1,0,,1.1.0,"reconstructed from archived public rate cards; list prices, not transactions; not the index"
2025-06-09,GIX-A100,published,1.9270,3,5,3,0.0260,1.8931,3.1196,coreweave=3.120;crusoe=1.927;runpod=1.893,,,1.8900,1.2400,1,0.8850,1,0,,1.1.0,"reconstructed from archived public rate cards; list prices, not transactions; not the index"
2025-06-16,GIX-H100,withheld,,2,7,2,,2.7424,3.0282,lambda=3.028;runpod=2.742,min_providers: 2 of 3 required,,2.9900,2.1000,1,2.5900,1,1,,1.1.0,"reconstructed from archived public rate cards; list prices, not transactions; not the index"
2025-06-16,GIX-H200,withheld,,1,1,1,,3.6708,3.6708,runpod=3.671,min_providers: 1 of 3 required,,3.9900,2.3000,1,3.5900,1,1,,1.1.0,"reconstructed from archived public rate cards; list prices, not transactions; not the index"
2025-06-16,GIX-B200,withheld,,1,1,1,,6.7924,6.7924,runpod=6.792,min_providers: 1 of 3 required,,6.3900,,0,,0,1,,1.1.0,"reconstructed from archived public rate cards; list prices, not transactions; not the index"
2025-06-16,GIX-A100,withheld,,2,3,2,,1.7900,1.8241,lambda=1.790;runpod=1.824,min_providers: 2 of 3 required,,1.7400,1.3000,1,1.2900,1,1,,1.1.0,"reconstructed from archived public rate cards; list prices, not transactions; not the index"
2025-06-23,GIX-H100,withheld,,1,1,1,,3.1358,3.1358,nebius=3.136,min_providers: 1 of 3 required,,2.9500,,0,,0,0,,1.1.0,"reconstructed from archived public rate cards; list prices, not transactions; not the index"
2025-06-23,GIX-H200,withheld,,1,1,1,,3.7204,3.7204,nebius=3.720,min_providers: 1 of 3 required,,3.5000,,0,,0,0,,1.1.0,"reconstructed from archived public rate cards; list prices, not transactions; not the index"
2025-06-23,GIX-B200,withheld,,0,0,0,,,,,min_providers: 0 of 3 required,,,,0,,0,0,,1.1.0,"reconstructed from archived public rate cards; list prices, not transactions; not the index"
2025-06-23,GIX-A100,withheld,,0,0,0,,,,,min_providers: 0 of 3 required,,,,0,,0,0,,1.1.0,"reconstructed from archived public rate cards; list prices, not transactions; not the index"
2025-06-30,GIX-H100,withheld,,2,7,2,,2.7424,3.0282,lambda=3.028;runpod=2.742,min_providers: 2 of 3 required,,2.9900,,0,2.5900,1,0,,1.1.0,"reconstructed from archived public rate cards; list prices, not transactions; not the index"
2025-06-30,GIX-H200,withheld,,1,1,1,,3.6708,3.6708,runpod=3.671,min_providers: 1 of 3 required,,3.9900,,0,3.5900,1,0,,1.1.0,"reconstructed from archived public rate cards; list prices, not transactions; not the index"
2025-06-30,GIX-B200,withheld,,1,1,1,,6.7924,6.7924,runpod=6.792,min_providers: 1 of 3 required,,6.3900,,0,,0,0,,1.1.0,"reconstructed from archived public rate cards; list prices, not transactions; not the index"
2025-06-30,GIX-A100,withheld,,2,3,2,,1.7900,1.8241,lambda=1.790;runpod=1.824,min_providers: 2 of 3 required,,1.7400,,0,1.2900,1,0,,1.1.0,"reconstructed from archived public rate cards; list prices, not transactions; not the index"
2025-07-07,GIX-H100,published,3.0282,5,12,5,0.2452,2.2702,5.4740,digitalocean=3.529;lambda=3.028;paperspace=5.474;runpod=2.729;voltagepark=2.270,,,2.9900,2.1000,3,2.6400,1,2,,1.1.0,"reconstructed from archived public rate cards; list prices, not transactions; not the index"
2025-07-07,GIX-H200,withheld,,1,1,1,,4.2412,4.2412,runpod=4.241,min_providers: 1 of 3 required,,3.9900,2.3000,1,3.5900,1,1,,1.1.0,"reconstructed from archived public rate cards; list prices, not transactions; not the index"
2025-07-07,GIX-B200,withheld,,1,1,1,,6.3672,6.3672,runpod=6.367,min_providers: 1 of 3 required,,5.9900,,0,,0,1,,1.1.0,"reconstructed from archived public rate cards; list prices, not transactions; not the index"
2025-07-07,GIX-A100,withheld,,2,3,2,,1.7900,1.8241,lambda=1.790;runpod=1.824,min_providers: 2 of 3 required,,1.7400,1.2250,2,1.2900,1,2,,1.1.0,"reconstructed from archived public rate cards; list prices, not transactions; not the index"
2025-07-14,GIX-H100,published,3.5291,5,11,5,0.5288,2.2702,6.1550,coreweave=6.155;digitalocean=3.529;lambda=3.028;paperspace=5.474;voltagepark=2.270,,dispersion 0.529 above the live ceiling 0.45,3.0900,2.1150,2,,0,4,0.000000,1.1.0,"reconstructed from archived public rate cards; list prices, not transactions; not the index"
2025-07-14,GIX-H200,withheld,,1,1,1,,6.3050,6.3050,coreweave=6.305,min_providers: 1 of 3 required,,6.3050,,0,,0,0,,1.1.0,"reconstructed from archived public rate cards; list prices, not transactions; not the index"
2025-07-14,GIX-B200,withheld,,1,1,1,,9.9364,9.9364,coreweave=9.936,min_providers: 1 of 3 required,,8.6000,,0,,0,0,,1.1.0,"reconstructed from archived public rate cards; list prices, not transactions; not the index"
2025-07-14,GIX-A100,withheld,,2,2,2,,1.7900,3.1196,coreweave=3.120;lambda=1.790,min_providers: 2 of 3 required,,2.2450,1.1500,1,,0,1,,1.1.0,"reconstructed from archived public rate cards; list prices, not transactions; not the index"
2025-07-21,GIX-H100,published,2.7140,3,6,3,0.0084,2.0196,2.7293,hyperstack=2.020;nebius=2.714;runpod=2.729,,,2.3950,1.3700,1,2.6400,1,0,,1.1.0,"reconstructed from archived public rate cards; list prices, not transactions; not the index"
2025-07-21,GIX-H200,published,3.2200,3,3,3,0.0000,3.2200,4.2412,hyperstack=3.220;nebius=3.220;runpod=4.241,,,3.5000,2.4500,1,3.5900,1,0,,1.1.0,"reconstructed from archived public rate cards; list prices, not transactions; not the index"
2025-07-21,GIX-B200,withheld,,2,2,2,,5.0600,6.3672,nebius=5.060;runpod=6.367,min_providers: 2 of 3 required,,5.7450,,0,,0,0,,1.1.0,"reconstructed from archived public rate cards; list prices, not transactions; not the index"
2025-07-21,GIX-A100,withheld,,2,5,2,,1.4350,1.8241,hyperstack=1.435;runpod=1.824,min_providers: 2 of 3 required,,1.6000,0.9800,1,1.1850,2,0,,1.1.0,"reconstructed from archived public rate cards; list prices, not transactions; not the index"
2025-07-28,GIX-H100,withheld,,2,7,2,,2.7293,3.0282,lambda=3.028;runpod=2.729,min_providers: 2 of 3 required,,2.9900,,0,2.6400,1,1,,1.1.0,"reconstructed from archived public rate cards; list prices, not transactions; not the index"
2025-07-28,GIX-H200,withheld,,1,1,1,,4.2412,4.2412,runpod=4.241,min_providers: 1 of 3 required,,3.9900,,0,3.5900,1,1,,1.1.0,"reconstructed from archived public rate cards; list prices, not transactions; not the index"
2025-07-28,GIX-B200,withheld,,1,1,1,,6.3672,6.3672,runpod=6.367,min_providers: 1 of 3 required,,5.9900,,0,,0,1,,1.1.0,"reconstructed from archived public rate cards; list prices, not transactions; not the index"
2025-07-28,GIX-A100,withheld,,2,3,2,,1.7900,1.8241,lambda=1.790;runpod=1.824,min_providers: 2 of 3 required,,1.7400,,0,1.2900,1,1,,1.1.0,"reconstructed from archived public rate cards; list prices, not transactions; not the index"
2025-08-04,GIX-H100,published,3.7468,4,10,4,0.7494,1.6862,6.1550,coreweave=6.155;datacrunch=1.686;hyperstack=2.020;paperspace=5.474,,dispersion 0.749 above the live ceiling 0.45,1.8375,1.8050,2,1.1338,2,0,,1.1.0,"reconstructed from archived public rate cards; list prices, not transactions; not the index"
2025-08-04,GIX-H200,published,3.2200,3,6,3,0.5962,1.9252,6.3050,coreweave=6.305;datacrunch=1.925;hyperstack=3.220,,dispersion 0.596 above the live ceiling 0.45,1.9981,2.4500,1,0.9069,1,0,,1.1.0,"reconstructed from archived public rate cards; list prices, not transactions; not the index"
2025-08-04,GIX-B200,withheld,,2,5,2,,3.5090,9.9364,coreweave=9.936;datacrunch=3.509,min_providers: 2 of 3 required,,3.6375,,0,0.8031,1,0,,1.1.0,"reconstructed from archived public rate cards; list prices, not transactions; not the index"
2025-08-04,GIX-A100,published,1.4350,3,8,3,0.3709,1.0760,3.1196,coreweave=3.120;datacrunch=1.076;hyperstack=1.435,,,1.2350,1.0650,2,0.8228,2,0,,1.1.0,"reconstructed from archived public rate cards; list prices, not transactions; not the index"
2025-08-11,GIX-H100,published,3.2786,4,10,4,0.1808,2.7293,5.4740,digitalocean=3.529;lambda=3.028;paperspace=5.474;runpod=2.729,,,3.0400,2.1150,2,2.5900,1,1,,1.1.0,"reconstructed from archived public rate cards; list prices, not transactions; not the index"
2025-08-11,GIX-H200,withheld,,1,1,1,,4.0286,4.0286,runpod=4.029,min_providers: 1 of 3 required,,3.7900,,0,3.5900,1,0,,1.1.0,"reconstructed from archived public rate cards; list prices, not transactions; not the index"
2025-08-11,GIX-B200,withheld,,1,1,1,,6.3672,6.3672,runpod=6.367,min_providers: 1 of 3 required,,5.9900,,0,,0,0,,1.1.0,"reconstructed from archived public rate cards; list prices, not transactions; not the index"
2025-08-11,GIX-A100,withheld,,2,3,2,,1.7900,1.8241,lambda=1.790;runpod=1.824,min_providers: 2 of 3 required,,1.7400,1.1500,1,1.2900,1,0,,1.1.0,"reconstructed from archived public rate cards; list prices, not transactions; not the index"
2025-08-18,GIX-H100,published,3.0282,3,8,3,0.1463,2.7293,5.4740,lambda=3.028;paperspace=5.474;runpod=2.729,,,3.0400,2.2400,1,2.5900,1,3,0.000000,1.1.0,"reconstructed from archived public rate cards; list prices, not transactions; not the index"
2025-08-18,GIX-H200,withheld,,1,1,1,,4.0286,4.0286,runpod=4.029,min_providers: 1 of 3 required,,3.7900,,0,3.5900,1,1,,1.1.0,"reconstructed from archived public rate cards; list prices, not transactions; not the index"
2025-08-18,GIX-B200,withheld,,2,2,2,,4.9900,6.3672,lambda=4.990;runpod=6.367,min_providers: 2 of 3 required,,5.4900,,0,,0,1,,1.1.0,"reconstructed from archived public rate cards; list prices, not transactions; not the index"
2025-08-18,GIX-A100,withheld,,2,3,2,,1.7900,1.8241,lambda=1.790;runpod=1.824,min_providers: 2 of 3 required,,1.7400,1.1500,1,1.2900,1,2,,1.1.0,"reconstructed from archived public rate cards; list prices, not transactions; not the index"
2025-08-25,GIX-H100,withheld,,2,3,2,,2.7140,3.5291,digitalocean=3.529;nebius=2.714,min_providers: 2 of 3 required,,2.9900,1.9900,1,,0,0,,1.1.0,"reconstructed from archived public rate cards; list prices, not transactions; not the index"
2025-08-25,GIX-H200,withheld,,2,3,2,,3.2200,3.8156,digitalocean=3.816;nebius=3.220,min_providers: 2 of 3 required,,3.4400,,0,,0,0,,1.1.0,"reconstructed from archived public rate cards; list prices, not transactions; not the index"
2025-08-25,GIX-B200,withheld,,1,1,1,,5.0600,5.0600,nebius=5.060,min_providers: 1 of 3 required,,5.5000,,0,,0,0,,1.1.0,"reconstructed from archived public rate cards; list prices, not transactions; not the index"
2025-08-25,GIX-A100,withheld,,0,0,0,,,,,min_providers: 0 of 3 required,,,,0,,0,0,,1.1.0,"reconstructed from archived public rate cards; list prices, not transactions; not the index"
2025-09-01,GIX-H100,withheld,,2,3,2,,2.2702,6.1550,coreweave=6.155;voltagepark=2.270,min_providers: 2 of 3 required,,2.4900,,0,,0,0,,1.1.0,"reconstructed from archived public rate cards; list prices, not transactions; not the index"
2025-09-01,GIX-H200,withheld,,1,1,1,,6.3050,6.3050,coreweave=6.305,min_providers: 1 of 3 required,,6.3050,,0,,0,0,,1.1.0,"reconstructed from archived public rate cards; list prices, not transactions; not the index"
2025-09-01,GIX-B200,withheld,,1,1,1,,9.9364,9.9364,coreweave=9.936,min_providers: 1 of 3 required,,8.6000,,0,,0,0,,1.1.0,"reconstructed from archived public rate cards; list prices, not transactions; not the index"
2025-09-01,GIX-A100,withheld,,1,1,1,,3.1196,3.1196,coreweave=3.120,min_providers: 1 of 3 required,,2.7000,,0,,0,0,,1.1.0,"reconstructed from archived public rate cards; list prices, not transactions; not the index"
2025-09-08,GIX-H100,published,2.8787,4,11,4,0.2597,2.0196,5.4740,hyperstack=2.020;lambda=3.028;paperspace=5.474;runpod=2.729,,,2.6900,1.8050,2,2.0550,2,0,,1.1.0,"reconstructed from archived public rate cards; list prices, not transactions; not the index"
2025-09-08,GIX-H200,withheld,,2,2,2,,3.2200,4.0286,hyperstack=3.220;runpod=4.029,min_providers: 2 of 3 required,,3.6450,2.4500,1,3.5900,1,0,,1.1.0,"reconstructed from archived public rate cards; list prices, not transactions; not the index"
2025-09-08,GIX-B200,withheld,,2,2,2,,4.9900,6.3672,lambda=4.990;runpod=6.367,min_providers: 2 of 3 required,,5.4900,,0,5.9800,1,0,,1.1.0,"reconstructed from archived public rate cards; list prices, not transactions; not the index"
2025-09-08,GIX-A100,published,1.7900,3,6,3,0.0283,1.4350,1.8241,hyperstack=1.435;lambda=1.790;runpod=1.824,,,1.6200,1.0650,2,1.1850,2,0,,1.1.0,"reconstructed from archived public rate cards; list prices, not transactions; not the index"
2025-09-15,GIX-H100,published,2.8711,4,9,4,0.1159,2.5795,5.4740,lambda=3.028;nebius=2.714;paperspace=5.474;runpod=2.579,,,2.9900,2.2400,1,2.5900,1,3,0.000000,1.1.0,"reconstructed from archived public rate cards; list prices, not transactions; not the index"
2025-09-15,GIX-H200,withheld,,2,2,2,,3.2200,4.0286,nebius=3.220;runpod=4.029,min_providers: 2 of 3 required,,3.6450,,0,3.5900,1,1,,1.1.0,"reconstructed from archived public rate cards; list prices, not transactions; not the index"
2025-09-15,GIX-B200,published,5.0600,3,3,3,0.0205,4.9900,6.3672,lambda=4.990;nebius=5.060;runpod=6.367,,,5.5000,,0,5.9800,1,2,,1.1.0,"reconstructed from archived public rate cards; list prices, not transactions; not the index"
2025-09-15,GIX-A100,withheld,,2,3,2,,1.7900,1.8241,lambda=1.790;runpod=1.824,min_providers: 2 of 3 required,,1.7400,1.1500,1,1.2900,1,2,,1.1.0,"reconstructed from archived public rate cards; list prices, not transactions; not the index"
2025-09-22,GIX-H100,withheld,,1,5,1,,3.0282,3.0282,lambda=3.028,min_providers: 1 of 3 required,,3.0900,,0,,0,1,,1.1.0,"reconstructed from archived public rate cards; list prices, not transactions; not the index"
2025-09-22,GIX-H200,withheld,,0,0,0,,,,,min_providers: 0 of 3 required,,,,0,,0,0,,1.1.0,"reconstructed from archived public rate cards; list prices, not transactions; not the index"
2025-09-22,GIX-B200,withheld,,1,1,1,,4.9900,4.9900,lambda=4.990,min_providers: 1 of 3 required,,4.9900,,0,,0,1,,1.1.0,"reconstructed from archived public rate cards; list prices, not transactions; not the index"
2025-09-22,GIX-A100,withheld,,1,1,1,,1.7900,1.7900,lambda=1.790,min_providers: 1 of 3 required,,1.7900,,0,,0,1,,1.1.0,"reconstructed from archived public rate cards; list prices, not transactions; not the index"
2025-09-29,GIX-H100,published,3.5880,3,4,3,0.0244,3.5291,6.1550,coreweave=6.155;crusoe=3.588;digitalocean=3.529,,,3.6450,2.4600,2,,0,0,,1.1.0,"reconstructed from archived public rate cards; list prices, not transactions; not the index"
2025-09-29,GIX-H200,published,3.9468,3,4,3,0.0493,3.8156,6.3050,coreweave=6.305;crusoe=3.947;digitalocean=3.816,,,3.8650,3.2200,1,,0,0,,1.1.0,"reconstructed from archived public rate cards; list prices, not transactions; not the index"
2025-09-29,GIX-B200,withheld,,1,1,1,,9.9364,9.9364,coreweave=9.936,min_providers: 1 of 3 required,,8.6000,,0,,0,0,,1.1.0,"reconstructed from archived public rate cards; list prices, not transactions; not the index"
2025-09-29,GIX-A100,withheld,,2,3,2,,1.9270,3.1196,coreweave=3.120;crusoe=1.927,min_providers: 2 of 3 required,,1.9500,1.2400,1,,0,0,,1.1.0,"reconstructed from archived public rate cards; list prices, not transactions; not the index"
2025-10-06,GIX-H100,withheld,,2,7,2,,2.7293,3.0282,lambda=3.028;runpod=2.729,min_providers: 2 of 3 required,,2.9900,,0,2.5900,1,0,,1.1.0,"reconstructed from archived public rate cards; list prices, not transactions; not the index"
2025-10-06,GIX-H200,withheld,,1,1,1,,3.8161,3.8161,runpod=3.816,min_providers: 1 of 3 required,,3.5900,,0,3.5900,1,0,,1.1.0,"reconstructed from archived public rate cards; list prices, not transactions; not the index"
2025-10-06,GIX-B200,withheld,,2,2,2,,4.9900,6.0483,lambda=4.990;runpod=6.048,min_providers: 2 of 3 required,,5.3400,,0,5.9800,1,0,,1.1.0,"reconstructed from archived public rate cards; list prices, not transactions; not the index"
2025-10-06,GIX-A100,withheld,,2,3,2,,1.7900,1.8241,lambda=1.790;runpod=1.824,min_providers: 2 of 3 required,,1.7400,,0,1.2900,1,0,,1.1.0,"reconstructed from archived public rate cards; list prices, not transactions; not the index"
2025-10-13,GIX-H100,published,3.0282,3,9,3,0.2452,2.2702,3.5291,digitalocean=3.529;lambda=3.028;voltagepark=2.270,,,2.9900,2.0450,2,,0,1,,1.1.0,"reconstructed from archived public rate cards; list prices, not transactions; not the index"
2025-10-13,GIX-H200,withheld,,1,2,1,,3.8156,3.8156,digitalocean=3.816,min_providers: 1 of 3 required,,3.4400,2.3000,1,,0,0,,1.1.0,"reconstructed from archived public rate cards; list prices, not transactions; not the index"
2025-10-13,GIX-B200,withheld,,1,1,1,,4.9900,4.9900,lambda=4.990,min_providers: 1 of 3 required,,4.9900,,0,,0,1,,1.1.0,"reconstructed from archived public rate cards; list prices, not transactions; not the index"
2025-10-13,GIX-A100,withheld,,1,1,1,,1.7900,1.7900,lambda=1.790,min_providers: 1 of 3 required,,1.7900,1.3000,1,,0,1,,1.1.0,"reconstructed from archived public rate cards; list prices, not transactions; not the index"
2025-10-20,GIX-H100,withheld,,2,6,2,,2.7140,3.0282,lambda=3.028;nebius=2.714,min_providers: 2 of 3 required,,3.0400,,0,,0,1,,1.1.0,"reconstructed from archived public rate cards; list prices, not transactions; not the index"
2025-10-20,GIX-H200,withheld,,1,1,1,,3.2200,3.2200,nebius=3.220,min_providers: 1 of 3 required,,3.5000,,0,,0,0,,1.1.0,"reconstructed from archived public rate cards; list prices, not transactions; not the index"
2025-10-20,GIX-B200,withheld,,2,2,2,,4.9900,5.0600,lambda=4.990;nebius=5.060,min_providers: 2 of 3 required,,5.2450,,0,,0,1,,1.1.0,"reconstructed from archived public rate cards; list prices, not transactions; not the index"
2025-10-20,GIX-A100,withheld,,1,1,1,,1.7900,1.7900,lambda=1.790,min_providers: 1 of 3 required,,1.7900,,0,,0,1,,1.1.0,"reconstructed from archived public rate cards; list prices, not transactions; not the index"
2025-10-27,GIX-H100,published,2.8787,4,11,4,0.2597,2.0196,6.1550,coreweave=6.155;hyperstack=2.020;lambda=3.028;runpod=2.729,,,2.6900,1.3700,1,2.0550,2,1,,1.1.0,"reconstructed from archived public rate cards; list prices, not transactions; not the index"
2025-10-27,GIX-H200,published,3.8161,3,3,3,0.2316,3.2200,6.3050,coreweave=6.305;hyperstack=3.220;runpod=3.816,,,3.5900,2.4500,1,3.5900,1,0,,1.1.0,"reconstructed from archived public rate cards; list prices, not transactions; not the index"
2025-10-27,GIX-B200,published,6.0483,3,3,3,0.2594,4.9900,9.9364,coreweave=9.936;lambda=4.990;runpod=6.048,,,5.6900,,0,5.9800,1,1,,1.1.0,"reconstructed from archived public rate cards; list prices, not transactions; not the index"
2025-10-27,GIX-A100,published,1.8071,4,7,4,0.1596,1.4350,3.1196,coreweave=3.120;hyperstack=1.435;lambda=1.790;runpod=1.824,,,1.6400,0.9800,1,1.1850,2,1,,1.1.0,"reconstructed from archived public rate cards; list prices, not transactions; not the index"
2025-11-03,GIX-H100,withheld,,2,7,2,,3.0282,3.5291,digitalocean=3.529;lambda=3.028,min_providers: 2 of 3 required,,3.0900,1.9900,1,,0,1,,1.1.0,"reconstructed from archived public rate cards; list prices, not transactions; not the index"
2025-11-03,GIX-H200,withheld,,1,2,1,,3.8156,3.8156,digitalocean=3.816,min_providers: 1 of 3 required,,3.4400,,0,,0,0,,1.1.0,"reconstructed from archived public rate cards; list prices, not transactions; not the index"
2025-11-03,GIX-B200,withheld,,1,1,1,,4.9900,4.9900,lambda=4.990,min_providers: 1 of 3 required,,4.9900,,0,,0,1,,1.1.0,"reconstructed from archived public rate cards; list prices, not transactions; not the index"
2025-11-03,GIX-A100,withheld,,1,1,1,,1.7900,1.7900,lambda=1.790,min_providers: 1 of 3 required,,1.7900,,0,,0,1,,1.1.0,"reconstructed from archived public rate cards; list prices, not transactions; not the index"
2025-11-10,GIX-H100,published,3.0282,3,9,3,0.1463,2.7293,3.5291,digitalocean=3.529;lambda=3.028;runpod=2.729,,,2.9900,1.9900,1,2.5900,1,2,,1.1.0,"reconstructed from archived public rate cards; list prices, not transactions; not the index"
2025-11-10,GIX-H200,withheld,,2,3,2,,3.8156,3.8161,digitalocean=3.816;runpod=3.816,min_providers: 2 of 3 required,,3.4400,,0,3.5900,1,1,,1.1.0,"reconstructed from archived public rate cards; list prices, not transactions; not the index"
2025-11-10,GIX-B200,withheld,,2,2,2,,4.9900,6.0483,lambda=4.990;runpod=6.048,min_providers: 2 of 3 required,,5.3400,,0,5.9800,1,1,,1.1.0,"reconstructed from archived public rate cards; list prices, not transactions; not the index"
2025-11-10,GIX-A100,withheld,,2,3,2,,1.7900,1.8241,lambda=1.790;runpod=1.824,min_providers: 2 of 3 required,,1.7400,,0,1.2900,1,1,,1.1.0,"reconstructed from archived public rate cards; list prices, not transactions; not the index"
2025-11-17,GIX-H100,published,2.7216,4,6,4,0.1103,2.2702,3.1188,digitalocean=3.119;nebius=2.714;runpod=2.729;voltagepark=2.270,,,2.5900,1.9900,1,2.5900,1,2,,1.1.0,"reconstructed from archived public rate cards; list prices, not transactions; not the index"
2025-11-17,GIX-H200,published,3.2200,3,3,3,0.0254,3.1648,3.8161,digitalocean=3.165;nebius=3.220;runpod=3.816,,,3.5000,,0,3.5900,1,2,,1.1.0,"reconstructed from archived public rate cards; list prices, not transactions; not the index"
2025-11-17,GIX-B200,withheld,,2,2,2,,5.0600,5.8357,nebius=5.060;runpod=5.836,min_providers: 2 of 3 required,,5.4950,,0,5.9800,1,1,,1.1.0,"reconstructed from archived public rate cards; list prices, not transactions; not the index"
2025-11-17,GIX-A100,withheld,,1,2,1,,1.5531,1.5531,runpod=1.553,min_providers: 1 of 3 required,,1.4400,,0,1.2900,1,1,,1.1.0,"reconstructed from archived public rate cards; list prices, not transactions; not the index"
2025-11-24,GIX-H100,withheld,,1,2,1,,2.7293,2.7293,runpod=2.729,min_providers: 1 of 3 required,,2.5400,,0,2.5900,1,1,,1.1.0,"reconstructed from archived public rate cards; list prices, not transactions; not the index"
2025-11-24,GIX-H200,withheld,,1,1,1,,3.8161,3.8161,runpod=3.816,min_providers: 1 of 3 required,,3.5900,,0,3.5900,1,1,,1.1.0,"reconstructed from archived public rate cards; list prices, not transactions; not the index"
2025-11-24,GIX-B200,withheld,,1,1,1,,5.8357,5.8357,runpod=5.836,min_providers: 1 of 3 required,,5.4900,,0,5.9800,1,1,,1.1.0,"reconstructed from archived public rate cards; list prices, not transactions; not the index"
2025-11-24,GIX-A100,withheld,,1,2,1,,1.5531,1.5531,runpod=1.553,min_providers: 1 of 3 required,,1.4400,,0,1.2900,1,1,,1.1.0,"reconstructed from archived public rate cards; list prices, not transactions; not the index"
2025-12-01,GIX-H100,withheld,,2,7,2,,2.7293,3.0282,lambda=3.028;runpod=2.729,min_providers: 2 of 3 required,,2.9900,,0,2.5900,1,1,,1.1.0,"reconstructed from archived public rate cards; list prices, not transactions; not the index"
2025-12-01,GIX-H200,withheld,,1,1,1,,3.8161,3.8161,runpod=3.816,min_providers: 1 of 3 required,,3.5900,,0,3.5900,1,1,,1.1.0,"reconstructed from archived public rate cards; list prices, not transactions; not the index"
2025-12-01,GIX-B200,withheld,,2,2,2,,4.9900,5.5168,lambda=4.990;runpod=5.517,min_providers: 2 of 3 required,,5.0900,,0,5.9800,1,1,,1.1.0,"reconstructed from archived public rate cards; list prices, not transactions; not the index"
2025-12-01,GIX-A100,withheld,,2,3,2,,1.5531,1.7900,lambda=1.790;runpod=1.553,min_providers: 2 of 3 required,,1.4900,,0,1.2900,1,1,,1.1.0,"reconstructed from archived public rate cards; list prices, not transactions; not the index"
2025-12-08,GIX-H100,withheld,,2,7,2,,2.7293,3.0282,lambda=3.028;runpod=2.729,min_providers: 2 of 3 required,,2.9900,,0,2.5900,1,2,,1.1.0,"reconstructed from archived public rate cards; list prices, not transactions; not the index"
2025-12-08,GIX-H200,withheld,,1,1,1,,3.8161,3.8161,runpod=3.816,min_providers: 1 of 3 required,,3.5900,,0,3.5900,1,1,,1.1.0,"reconstructed from archived public rate cards; list prices, not transactions; not the index"
2025-12-08,GIX-B200,withheld,,2,2,2,,4.9900,5.5168,lambda=4.990;runpod=5.517,min_providers: 2 of 3 required,,5.0900,,0,5.9800,1,2,,1.1.0,"reconstructed from archived public rate cards; list prices, not transactions; not the index"
2025-12-08,GIX-A100,withheld,,2,3,2,,1.5531,1.7900,lambda=1.790;runpod=1.553,min_providers: 2 of 3 required,,1.4900,,0,1.2900,1,2,,1.1.0,"reconstructed from archived public rate cards; list prices, not transactions; not the index"
2025-12-15,GIX-H100,published,3.3081,6,13,6,0.4184,2.0196,6.1550,coreweave=6.155;crusoe=3.588;hyperstack=2.020;lambda=3.028;paperspace=5.474;runpod=2.729,,,2.9900,1.8050,2,1.6000,3,2,,1.1.0,"reconstructed from archived public rate cards; list prices, not transactions; not the index"
2025-12-15,GIX-H200,published,3.8814,4,4,4,0.1388,3.2200,6.3050,coreweave=6.305;crusoe=3.947;hyperstack=3.220;runpod=3.816,,,3.9400,2.4500,1,3.5900,1,1,,1.1.0,"reconstructed from archived public rate cards; list prices, not transactions; not the index"
2025-12-15,GIX-B200,published,5.5168,3,3,3,0.1416,4.9900,9.9364,coreweave=9.936;lambda=4.990;runpod=5.517,,,5.1900,,0,5.9800,1,2,,1.1.0,"reconstructed from archived public rate cards; list prices, not transactions; not the index"
2025-12-15,GIX-A100,published,1.7900,5,9,5,0.1962,1.4350,3.1196,coreweave=3.120;crusoe=1.927;hyperstack=1.435;lambda=1.790;runpod=1.553,,,1.6000,1.0650,2,1.2000,3,2,,1.1.0,"reconstructed from archived public rate cards; list prices, not transactions; not the index"
2025-12-22,GIX-H100,withheld,,0,0,0,,,,,min_providers: 0 of 3 required,,,,0,,0,0,,1.1.0,"reconstructed from archived public rate cards; list prices, not transactions; not the index"
2025-12-22,GIX-H200,withheld,,0,0,0,,,,,min_providers: 0 of 3 required,,,,0,,0,0,,1.1.0,"reconstructed from archived public rate cards; list prices, not transactions; not the index"
2025-12-22,GIX-B200,withheld,,0,0,0,,,,,min_providers: 0 of 3 required,,,,0,,0,0,,1.1.0,"reconstructed from archived public rate cards; list prices, not transactions; not the index"
2025-12-22,GIX-A100,withheld,,0,0,0,,,,,min_providers: 0 of 3 required,,,,0,,0,0,,1.1.0,"reconstructed from archived public rate cards; list prices, not transactions; not the index"
2025-12-29,GIX-H100,published,3.5880,3,5,3,0.6481,2.0196,5.4740,crusoe=3.588;hyperstack=2.020;paperspace=5.474,,dispersion 0.648 above the live ceiling 0.45,2.4000,1.8050,2,1.5600,2,0,,1.1.0,"reconstructed from archived public rate cards; list prices, not transactions; not the index"
2025-12-29,GIX-H200,withheld,,2,2,2,,3.2200,3.9468,crusoe=3.947;hyperstack=3.220,min_providers: 2 of 3 required,,3.8950,2.4500,1,,0,0,,1.1.0,"reconstructed from archived public rate cards; list prices, not transactions; not the index"
2025-12-29,GIX-B200,withheld,,0,0,0,,,,,min_providers: 0 of 3 required,,,,0,,0,0,,1.1.0,"reconstructed from archived public rate cards; list prices, not transactions; not the index"
2025-12-29,GIX-A100,withheld,,2,5,2,,1.4350,1.9270,crusoe=1.927;hyperstack=1.435,min_providers: 2 of 3 required,,1.6000,1.0650,2,1.1400,2,0,,1.1.0,"reconstructed from archived public rate cards; list prices, not transactions; not the index"
2026-01-05,GIX-H100,withheld,,2,6,2,,3.0282,6.1550,coreweave=6.155;lambda=3.028,min_providers: 2 of 3 required,,3.1400,,0,,0,0,,1.1.0,"reconstructed from archived public rate cards; list prices, not transactions; not the index"
2026-01-05,GIX-H200,withheld,,1,1,1,,6.3050,6.3050,coreweave=6.305,min_providers: 1 of 3 required,,6.3050,,0,,0,0,,1.1.0,"reconstructed from archived public rate cards; list prices, not transactions; not the index"
2026-01-05,GIX-B200,withheld,,2,5,2,,4.9594,9.9364,coreweave=9.936;lambda=4.959,min_providers: 2 of 3 required,,5.1900,,0,,0,0,,1.1.0,"reconstructed from archived public rate cards; list prices, not transactions; not the index"
2026-01-05,GIX-A100,withheld,,2,2,2,,1.7900,3.1196,coreweave=3.120;lambda=1.790,min_providers: 2 of 3 required,,2.2450,,0,,0,0,,1.1.0,"reconstructed from archived public rate cards; list prices, not transactions; not the index"
2026-01-12,GIX-H100,published,2.7293,5,13,5,0.2116,2.0196,3.1188,digitalocean=3.119;hyperstack=2.020;lambda=3.028;runpod=2.729;voltagepark=2.270,,,2.4900,1.6800,2,2.0550,2,1,,1.1.0,"reconstructed from archived public rate cards; list prices, not transactions; not the index"
2026-01-12,GIX-H200,published,3.2200,3,3,3,0.0254,3.1648,3.8161,digitalocean=3.165;hyperstack=3.220;runpod=3.816,,,3.5000,2.4500,1,3.5900,1,0,,1.1.0,"reconstructed from archived public rate cards; list prices, not transactions; not the index"
2026-01-12,GIX-B200,withheld,,2,5,2,,4.9594,5.5168,lambda=4.959;runpod=5.517,min_providers: 2 of 3 required,,5.1900,,0,5.9800,1,1,,1.1.0,"reconstructed from archived public rate cards; list prices, not transactions; not the index"
2026-01-12,GIX-A100,published,1.5531,3,6,3,0.1127,1.4350,1.7900,hyperstack=1.435;lambda=1.790;runpod=1.553,,,1.4450,0.9800,1,1.1850,2,1,,1.1.0,"reconstructed from archived public rate cards; list prices, not transactions; not the index"
2026-01-19,GIX-H100,withheld,,2,7,2,,2.7293,3.0282,lambda=3.028;runpod=2.729,min_providers: 2 of 3 required,,2.9900,,0,2.5900,1,2,,1.1.0,"reconstructed from archived public rate cards; list prices, not transactions; not the index"
2026-01-19,GIX-H200,withheld,,1,1,1,,3.8161,3.8161,runpod=3.816,min_providers: 1 of 3 required,,3.5900,,0,3.5900,1,1,,1.1.0,"reconstructed from archived public rate cards; list prices, not transactions; not the index"
2026-01-19,GIX-B200,withheld,,2,5,2,,4.9594,5.3042,lambda=4.959;runpod=5.304,min_providers: 2 of 3 required,,5.0900,,0,5.9800,1,2,,1.1.0,"reconstructed from archived public rate cards; list prices, not transactions; not the index"
2026-01-19,GIX-A100,withheld,,2,3,2,,1.5531,1.7900,lambda=1.790;runpod=1.553,min_providers: 2 of 3 required,,1.4900,,0,1.2900,1,2,,1.1.0,"reconstructed from archived public rate cards; list prices, not transactions; not the index"
2026-01-26,GIX-H100,withheld,,2,6,2,,3.0282,3.1188,digitalocean=3.119;lambda=3.028,min_providers: 2 of 3 required,,3.1400,1.9900,1,,0,1,,1.1.0,"reconstructed from archived public rate cards; list prices, not transactions; not the index"
2026-01-26,GIX-H200,withheld,,1,1,1,,3.1648,3.1648,digitalocean=3.165,min_providers: 1 of 3 required,,3.4400,,0,,0,0,,1.1.0,"reconstructed from archived public rate cards; list prices, not transactions; not the index"
2026-01-26,GIX-B200,withheld,,1,4,1,,4.9594,4.9594,lambda=4.959,min_providers: 1 of 3 required,,5.1400,,0,,0,1,,1.1.0,"reconstructed from archived public rate cards; list prices, not transactions; not the index"
2026-01-26,GIX-A100,withheld,,1,1,1,,1.7900,1.7900,lambda=1.790,min_providers: 1 of 3 required,,1.7900,,0,,0,1,,1.1.0,"reconstructed from archived public rate cards; list prices, not transactions; not the index"
2026-02-02,GIX-H100,published,2.7293,3,10,3,0.1624,2.0196,3.0282,hyperstack=2.020;lambda=3.028;runpod=2.729,,,2.5900,1.3700,1,2.0550,2,1,,1.1.0,"reconstructed from archived public rate cards; list prices, not transactions; not the index"
2026-02-02,GIX-H200,withheld,,2,2,2,,3.2200,3.8161,hyperstack=3.220;runpod=3.816,min_providers: 2 of 3 required,,3.5450,2.4500,1,3.5900,1,0,,1.1.0,"reconstructed from archived public rate cards; list prices, not transactions; not the index"
2026-02-02,GIX-B200,withheld,,2,5,2,,4.9594,5.3042,lambda=4.959;runpod=5.304,min_providers: 2 of 3 required,,5.0900,,0,5.9800,1,1,,1.1.0,"reconstructed from archived public rate cards; list prices, not transactions; not the index"
2026-02-02,GIX-A100,published,1.5531,3,6,3,0.1127,1.4350,1.7900,hyperstack=1.435;lambda=1.790;runpod=1.553,,,1.4450,0.9800,1,1.1850,2,1,,1.1.0,"reconstructed from archived public rate cards; list prices, not transactions; not the index"
2026-02-09,GIX-H100,withheld,,2,3,2,,2.7293,5.4740,paperspace=5.474;runpod=2.729,min_providers: 2 of 3 required,,2.6900,2.2400,1,2.5900,1,1,,1.1.0,"reconstructed from archived public rate cards; list prices, not transactions; not the index"
2026-02-09,GIX-H200,withheld,,1,1,1,,3.8161,3.8161,runpod=3.816,min_providers: 1 of 3 required,,3.5900,,0,3.5900,1,1,,1.1.0,"reconstructed from archived public rate cards; list prices, not transactions; not the index"
2026-02-09,GIX-B200,withheld,,1,1,1,,5.3042,5.3042,runpod=5.304,min_providers: 1 of 3 required,,4.9900,,0,5.9800,1,1,,1.1.0,"reconstructed from archived public rate cards; list prices, not transactions; not the index"
2026-02-09,GIX-A100,withheld,,1,2,1,,1.5531,1.5531,runpod=1.553,min_providers: 1 of 3 required,,1.4400,1.1500,1,1.2900,1,1,,1.1.0,"reconstructed from archived public rate cards; list prices, not transactions; not the index"
2026-02-16,GIX-H100,published,2.7293,3,8,3,0.0083,2.7140,3.4790,lambda=3.479;nebius=2.714;runpod=2.729,,,3.1950,,0,2.5900,1,1,,1.1.0,"reconstructed from archived public rate cards; list prices, not transactions; not the index"
2026-02-16,GIX-H200,withheld,,2,2,2,,3.2200,3.8161,nebius=3.220;runpod=3.816,min_providers: 2 of 3 required,,3.5450,,0,3.5900,1,1,,1.1.0,"reconstructed from archived public rate cards; list prices, not transactions; not the index"
2026-02-16,GIX-B200,published,5.3042,3,6,3,0.0683,5.0600,5.6785,lambda=5.678;nebius=5.060;runpod=5.304,,,5.7950,,0,5.9800,1,1,,1.1.0,"reconstructed from archived public rate cards; list prices, not transactions; not the index"
2026-02-16,GIX-A100,withheld,,2,3,2,,1.5531,1.7900,lambda=1.790;runpod=1.553,min_providers: 2 of 3 required,,1.4900,,0,1.2900,1,1,,1.1.0,"reconstructed from archived public rate cards; list prices, not transactions; not the index"
2026-02-23,GIX-H100,published,3.4790,5,10,5,0.3260,2.2702,6.1550,coreweave=6.155;crusoe=3.588;lambda=3.479;nebius=2.714;voltagepark=2.270,,,3.4950,,0,1.6000,1,2,,1.1.0,"reconstructed from archived public rate cards; list prices, not transactions; not the index"
2026-02-23,GIX-H200,published,3.9468,3,3,3,0.2730,3.2200,6.3050,coreweave=6.305;crusoe=3.947;nebius=3.220,,,4.2900,,0,,0,1,,1.1.0,"reconstructed from archived public rate cards; list prices, not transactions; not the index"
2026-02-23,GIX-B200,published,5.7022,3,6,3,0.1670,5.0600,9.9364,coreweave=9.936;lambda=5.702;nebius=5.060,,,5.9100,,0,,0,2,,1.1.0,"reconstructed from archived public rate cards; list prices, not transactions; not the index"
2026-02-23,GIX-A100,published,2.0600,3,4,3,0.0957,1.9270,3.1196,coreweave=3.120;crusoe=1.927;lambda=2.060,,,2.0050,,0,1.2000,1,1,,1.1.0,"reconstructed from archived public rate cards; list prices, not transactions; not the index"
2026-03-02,GIX-H100,published,3.1188,3,3,3,0.1924,2.7140,5.4740,digitalocean=3.119;nebius=2.714;paperspace=5.474,,,3.3900,2.3700,2,,0,1,,1.1.0,"reconstructed from archived public rate cards; list prices, not transactions; not the index"
2026-03-02,GIX-H200,withheld,,2,2,2,,3.1648,3.2200,digitalocean=3.165;nebius=3.220,min_providers: 2 of 3 required,,3.4700,,0,,0,1,,1.1.0,"reconstructed from archived public rate cards; list prices, not transactions; not the index"
2026-03-02,GIX-B200,withheld,,1,1,1,,5.0600,5.0600,nebius=5.060,min_providers: 1 of 3 required,,5.5000,,0,,0,1,,1.1.0,"reconstructed from archived public rate cards; list prices, not transactions; not the index"
2026-03-02,GIX-A100,withheld,,0,0,0,,,,,min_providers: 0 of 3 required,,,1.1500,1,,0,0,,1.1.0,"reconstructed from archived public rate cards; list prices, not transactions; not the index"
2026-03-09,GIX-H100,published,3.4790,3,8,3,0.3195,2.7293,6.1550,coreweave=6.155;lambda=3.479;runpod=2.729,,,3.4950,,0,2.5900,1,0,,1.1.0,"reconstructed from archived public rate cards; list prices, not transactions; not the index"
2026-03-09,GIX-H200,withheld,,2,2,2,,3.8161,6.3050,coreweave=6.305;runpod=3.816,min_providers: 2 of 3 required,,4.9475,,0,3.5900,1,0,,1.1.0,"reconstructed from archived public rate cards; list prices, not transactions; not the index"
2026-03-09,GIX-B200,published,5.7022,3,6,3,0.1035,5.3042,9.9364,coreweave=9.936;lambda=5.702;runpod=5.304,,,5.9100,,0,5.9800,1,0,,1.1.0,"reconstructed from archived public rate cards; list prices, not transactions; not the index"
2026-03-09,GIX-A100,published,2.0600,3,4,3,0.3648,1.5531,3.1196,coreweave=3.120;lambda=2.060;runpod=1.553,,,1.7750,,0,1.2900,1,0,,1.1.0,"reconstructed from archived public rate cards; list prices, not transactions; not the index"
2026-03-16,GIX-H100,withheld,,2,7,2,,2.7293,3.4790,lambda=3.479;runpod=2.729,min_providers: 2 of 3 required,,3.4400,,0,2.5900,1,2,,1.1.0,"reconstructed from archived public rate cards; list prices, not transactions; not the index"
2026-03-16,GIX-H200,withheld,,1,1,1,,3.8161,3.8161,runpod=3.816,min_providers: 1 of 3 required,,3.5900,,0,3.5900,1,1,,1.1.0,"reconstructed from archived public rate cards; list prices, not transactions; not the index"
2026-03-16,GIX-B200,withheld,,2,5,2,,5.3042,5.7022,lambda=5.702;runpod=5.304,min_providers: 2 of 3 required,,5.8500,,0,5.9800,1,2,,1.1.0,"reconstructed from archived public rate cards; list prices, not transactions; not the index"
2026-03-16,GIX-A100,withheld,,2,3,2,,1.5531,2.0600,lambda=2.060;runpod=1.553,min_providers: 2 of 3 required,,1.4900,,0,1.2900,1,2,,1.1.0,"reconstructed from archived public rate cards; list prices, not transactions; not the index"
2026-03-23,GIX-H100,withheld,,0,0,0,,,,,min_providers: 0 of 3 required,,,,0,,0,0,,1.1.0,"reconstructed from archived public rate cards; list prices, not transactions; not the index"
2026-03-23,GIX-H200,withheld,,0,0,0,,,,,min_providers: 0 of 3 required,,,,0,,0,0,,1.1.0,"reconstructed from archived public rate cards; list prices, not transactions; not the index"
2026-03-23,GIX-B200,withheld,,0,0,0,,,,,min_providers: 0 of 3 required,,,,0,,0,0,,1.1.0,"reconstructed from archived public rate cards; list prices, not transactions; not the index"
2026-03-23,GIX-A100,withheld,,0,0,0,,,,,min_providers: 0 of 3 required,,,,0,,0,0,,1.1.0,"reconstructed from archived public rate cards; list prices, not transactions; not the index"
2026-03-30,GIX-H100,published,2.9240,4,9,4,0.1026,2.7140,3.9900,digitalocean=3.119;lambda=3.990;nebius=2.714;runpod=2.729,,,3.3900,2.5000,1,2.5900,1,0,,1.1.0,"reconstructed from archived public rate cards; list prices, not transactions; not the index"
2026-03-30,GIX-H200,published,3.2200,3,3,3,0.0254,3.1648,3.8161,digitalocean=3.165;nebius=3.220;runpod=3.816,,,3.5000,,0,3.5900,1,0,,1.1.0,"reconstructed from archived public rate cards; list prices, not transactions; not the index"
2026-03-30,GIX-B200,published,5.3042,3,6,3,0.0683,5.0600,6.5998,lambda=6.600;nebius=5.060;runpod=5.304,,,6.7400,,0,5.9800,1,0,,1.1.0,"reconstructed from archived public rate cards; list prices, not transactions; not the index"
2026-03-30,GIX-A100,withheld,,2,3,2,,1.5531,2.7900,lambda=2.790;runpod=1.553,min_providers: 2 of 3 required,,1.4900,,0,1.2900,1,0,,1.1.0,"reconstructed from archived public rate cards; list prices, not transactions; not the index"
2026-04-06,GIX-H100,published,3.9900,3,8,3,0.5514,2.2702,5.4740,lambda=3.990;paperspace=5.474;voltagepark=2.270,,dispersion 0.551 above the live ceiling 0.45,4.0400,2.2400,1,,0,1,,1.1.0,"reconstructed from archived public rate cards; list prices, not transactions; not the index"
2026-04-06,GIX-H200,withheld,,0,0,0,,,,,min_providers: 0 of 3 required,,,,0,,0,0,,1.1.0,"reconstructed from archived public rate cards; list prices, not transactions; not the index"
2026-04-06,GIX-B200,withheld,,1,4,1,,6.5998,6.5998,lambda=6.600,min_providers: 1 of 3 required,,6.8400,,0,,0,1,,1.1.0,"reconstructed from archived public rate cards; list prices, not transactions; not the index"
2026-04-06,GIX-A100,withheld,,1,1,1,,2.7900,2.7900,lambda=2.790,min_providers: 1 of 3 required,,2.7900,1.1500,1,,0,1,,1.1.0,"reconstructed from archived public rate cards; list prices, not transactions; not the index"
2026-04-13,GIX-H100,published,2.8673,3,6,3,0.4383,2.0196,6.1550,coreweave=6.155;hyperstack=2.020;runpod=2.867,,,2.3950,1.3700,1,2.0550,2,0,,1.1.0,"reconstructed from archived public rate cards; list prices, not transactions; not the index"
2026-04-13,GIX-H200,published,3.8161,3,3,3,0.2316,3.2200,6.3050,coreweave=6.305;hyperstack=3.220;runpod=3.816,,,3.5900,2.4500,1,3.5900,1,0,,1.1.0,"reconstructed from archived public rate cards; list prices, not transactions; not the index"
2026-04-13,GIX-B200,withheld,,2,2,2,,5.8357,8.6000,coreweave=8.600;runpod=5.836,min_providers: 2 of 3 required,,7.0450,,0,5.9800,1,0,,1.1.0,"reconstructed from archived public rate cards; list prices, not transactions; not the index"
2026-04-13,GIX-A100,published,1.5531,3,6,3,0.1127,1.4350,3.1196,coreweave=3.120;hyperstack=1.435;runpod=1.553,,,1.4450,0.9800,1,1.1850,2,0,,1.1.0,"reconstructed from archived public rate cards; list prices, not transactions; not the index"
2026-04-20,GIX-H100,withheld,,2,5,2,,2.0196,2.8673,hyperstack=2.020;runpod=2.867,min_providers: 2 of 3 required,,2.3900,1.3700,1,2.0550,2,2,,1.1.0,"reconstructed from archived public rate cards; list prices, not transactions; not the index"
2026-04-20,GIX-H200,withheld,,2,2,2,,3.2200,4.2412,hyperstack=3.220;runpod=4.241,min_providers: 2 of 3 required,,3.7450,2.4500,1,3.5900,1,2,,1.1.0,"reconstructed from archived public rate cards; list prices, not transactions; not the index"
2026-04-20,GIX-B200,withheld,,1,1,1,,5.8357,5.8357,runpod=5.836,min_providers: 1 of 3 required,,5.4900,,0,5.9800,1,1,,1.1.0,"reconstructed from archived public rate cards; list prices, not transactions; not the index"
2026-04-20,GIX-A100,withheld,,2,5,2,,1.4350,1.5531,hyperstack=1.435;runpod=1.553,min_providers: 2 of 3 required,,1.4000,0.9800,1,1.1850,2,2,,1.1.0,"reconstructed from archived public rate cards; list prices, not transactions; not the index"
2026-04-27,GIX-H100,withheld,,2,3,2,,2.8673,3.1188,digitalocean=3.119;runpod=2.867,min_providers: 2 of 3 required,,2.9900,2.5000,1,2.5900,1,1,,1.1.0,"reconstructed from archived public rate cards; list prices, not transactions; not the index"
2026-04-27,GIX-H200,withheld,,2,2,2,,3.1648,4.2412,digitalocean=3.165;runpod=4.241,min_providers: 2 of 3 required,,3.7150,,0,3.5900,1,1,,1.1.0,"reconstructed from archived public rate cards; list prices, not transactions; not the index"
2026-04-27,GIX-B200,withheld,,1,1,1,,5.8357,5.8357,runpod=5.836,min_providers: 1 of 3 required,,5.4900,,0,5.9800,1,1,,1.1.0,"reconstructed from archived public rate cards; list prices, not transactions; not the index"
2026-04-27,GIX-A100,withheld,,1,2,1,,1.5531,1.5531,runpod=1.553,min_providers: 1 of 3 required,,1.4400,,0,1.2900,1,1,,1.1.0,"reconstructed from archived public rate cards; list prices, not transactions; not the index"
2026-05-04,GIX-H100,withheld,,2,3,2,,2.8673,6.1550,coreweave=6.155;runpod=2.867,min_providers: 2 of 3 required,,2.9900,,0,2.5900,1,1,,1.1.0,"reconstructed from archived public rate cards; list prices, not transactions; not the index"
2026-05-04,GIX-H200,withheld,,2,2,2,,4.2412,6.3050,coreweave=6.305;runpod=4.241,min_providers: 2 of 3 required,,5.1475,,0,3.5900,1,1,,1.1.0,"reconstructed from archived public rate cards; list prices, not transactions; not the index"
2026-05-04,GIX-B200,withheld,,2,2,2,,5.8357,8.6000,coreweave=8.600;runpod=5.836,min_providers: 2 of 3 required,,7.0450,,0,5.9800,1,1,,1.1.0,"reconstructed from archived public rate cards; list prices, not transactions; not the index"
2026-05-04,GIX-A100,withheld,,2,3,2,,1.5531,3.1196,coreweave=3.120;runpod=1.553,min_providers: 2 of 3 required,,1.4900,,0,1.2900,1,1,,1.1.0,"reconstructed from archived public rate cards; list prices, not transactions; not the index"
2026-05-11,GIX-H100,withheld,,2,7,2,,2.8673,3.9900,lambda=3.990;runpod=2.867,min_providers: 2 of 3 required,,3.9900,,0,2.5900,1,1,,1.1.0,"reconstructed from archived public rate cards; list prices, not transactions; not the index"
2026-05-11,GIX-H200,withheld,,1,1,1,,4.2412,4.2412,runpod=4.241,min_providers: 1 of 3 required,,3.9900,,0,3.5900,1,1,,1.1.0,"reconstructed from archived public rate cards; list prices, not transactions; not the index"
2026-05-11,GIX-B200,withheld,,2,5,2,,5.8357,6.5998,lambda=6.600;runpod=5.836,min_providers: 2 of 3 required,,6.7900,,0,5.9800,1,1,,1.1.0,"reconstructed from archived public rate cards; list prices, not transactions; not the index"
2026-05-11,GIX-A100,withheld,,2,3,2,,1.5531,2.7900,lambda=2.790;runpod=1.553,min_providers: 2 of 3 required,,1.4900,,0,1.2900,1,1,,1.1.0,"reconstructed from archived public rate cards; list prices, not transactions; not the index"
2026-05-18,GIX-H100,published,3.6537,4,10,4,0.3489,2.2702,5.4740,lambda=3.990;paperspace=5.474;runpod=3.317;voltagepark=2.270,,,3.6400,2.2400,1,2.5900,1,2,,1.1.0,"reconstructed from archived public rate cards; list prices, not transactions; not the index"
2026-05-18,GIX-H200,withheld,,1,1,1,,4.6664,4.6664,runpod=4.666,min_providers: 1 of 3 required,,4.3900,,0,3.5900,1,1,,1.1.0,"reconstructed from archived public rate cards; list prices, not transactions; not the index"
2026-05-18,GIX-B200,withheld,,2,5,2,,6.2609,6.5998,lambda=6.600;runpod=6.261,min_providers: 2 of 3 required,,6.7900,,0,5.9800,1,2,,1.1.0,"reconstructed from archived public rate cards; list prices, not transactions; not the index"
2026-05-18,GIX-A100,withheld,,2,3,2,,1.5531,2.7900,lambda=2.790;runpod=1.553,min_providers: 2 of 3 required,,1.4900,1.1500,1,1.2900,1,2,,1.1.0,"reconstructed from archived public rate cards; list prices, not transactions; not the index"
2026-05-25,GIX-H100,withheld,,1,5,1,,3.9900,3.9900,lambda=3.990,min_providers: 1 of 3 required,,4.0900,,0,,0,1,,1.1.0,"reconstructed from archived public rate cards; list prices, not transactions; not the index"
2026-05-25,GIX-H200,withheld,,0,0,0,,,,,min_providers: 0 of 3 required,,,,0,,0,0,,1.1.0,"reconstructed from archived public rate cards; list prices, not transactions; not the index"
2026-05-25,GIX-B200,withheld,,1,4,1,,6.5998,6.5998,lambda=6.600,min_providers: 1 of 3 required,,6.8400,,0,,0,1,,1.1.0,"reconstructed from archived public rate cards; list prices, not transactions; not the index"
2026-05-25,GIX-A100,withheld,,1,1,1,,2.7900,2.7900,lambda=2.790,min_providers: 1 of 3 required,,2.7900,,0,,0,1,,1.1.0,"reconstructed from archived public rate cards; list prices, not transactions; not the index"
2026-06-01,GIX-H100,withheld,,2,2,2,,3.1188,6.1550,coreweave=6.155;digitalocean=3.119,min_providers: 2 of 3 required,,4.7725,2.5000,1,,0,0,,1.1.0,"reconstructed from archived public rate cards; list prices, not transactions; not the index"
2026-06-01,GIX-H200,withheld,,2,2,2,,3.1648,6.3050,coreweave=6.305;digitalocean=3.165,min_providers: 2 of 3 required,,4.8725,,0,,0,0,,1.1.0,"reconstructed from archived public rate cards; list prices, not transactions; not the index"
2026-06-01,GIX-B200,withheld,,1,1,1,,8.6000,8.6000,coreweave=8.600,min_providers: 1 of 3 required,,8.6000,,0,,0,0,,1.1.0,"reconstructed from archived public rate cards; list prices, not transactions; not the index"
2026-06-01,GIX-A100,withheld,,1,1,1,,3.1196,3.1196,coreweave=3.120,min_providers: 1 of 3 required,,2.7000,,0,,0,0,,1.1.0,"reconstructed from archived public rate cards; list prices, not transactions; not the index"
2026-06-08,GIX-H100,published,3.2181,6,14,6,0.2630,2.0196,3.9900,crusoe=3.588;digitalocean=3.119;hyperstack=2.020;lambda=3.990;runpod=3.317;voltagepark=2.270,,,3.2900,1.9350,2,2.0550,2,1,,1.1.0,"reconstructed from archived public rate cards; list prices, not transactions; not the index"
2026-06-08,GIX-H200,published,3.5834,4,4,4,0.1618,3.1648,4.6664,crusoe=3.947;digitalocean=3.165;hyperstack=3.220;runpod=4.666,,,3.8950,2.4500,1,3.5900,1,1,,1.1.0,"reconstructed from archived public rate cards; list prices, not transactions; not the index"
2026-06-08,GIX-B200,withheld,,2,5,2,,6.2609,6.5998,lambda=6.600;runpod=6.261,min_providers: 2 of 3 required,,6.7900,,0,5.8900,1,0,,1.1.0,"reconstructed from archived public rate cards; list prices, not transactions; not the index"
2026-06-08,GIX-A100,published,1.9298,4,8,4,0.3348,1.4350,2.7900,crusoe=2.306;hyperstack=1.435;lambda=2.790;runpod=1.553,,,1.5450,0.9800,1,1.1850,2,0,,1.1.0,"reconstructed from archived public rate cards; list prices, not transactions; not the index"
2026-06-15,GIX-H100,withheld,,1,2,1,,3.3174,3.3174,runpod=3.317,min_providers: 1 of 3 required,,3.0900,,0,2.5900,1,1,,1.1.0,"reconstructed from archived public rate cards; list prices, not transactions; not the index"
2026-06-15,GIX-H200,withheld,,1,1,1,,4.6664,4.6664,runpod=4.666,min_providers: 1 of 3 required,,4.3900,,0,3.5900,1,1,,1.1.0,"reconstructed from archived public rate cards; list prices, not transactions; not the index"
2026-06-15,GIX-B200,withheld,,1,1,1,,6.2609,6.2609,runpod=6.261,min_providers: 1 of 3 required,,5.8900,,0,5.8900,1,1,,1.1.0,"reconstructed from archived public rate cards; list prices, not transactions; not the index"
2026-06-15,GIX-A100,withheld,,1,2,1,,1.5531,1.5531,runpod=1.553,min_providers: 1 of 3 required,,1.4400,,0,1.2900,1,1,,1.1.0,"reconstructed from archived public rate cards; list prices, not transactions; not the index"
2026-06-22,GIX-H100,withheld,,2,7,2,,3.3174,3.9900,lambda=3.990;runpod=3.317,min_providers: 2 of 3 required,,3.9900,,0,2.5900,1,1,,1.1.0,"reconstructed from archived public rate cards; list prices, not transactions; not the index"
2026-06-22,GIX-H200,withheld,,1,1,1,,4.6664,4.6664,runpod=4.666,min_providers: 1 of 3 required,,4.3900,,0,3.5900,1,1,,1.1.0,"reconstructed from archived public rate cards; list prices, not transactions; not the index"
2026-06-22,GIX-B200,withheld,,2,5,2,,6.2609,6.5998,lambda=6.600;runpod=6.261,min_providers: 2 of 3 required,,6.7900,,0,5.8900,1,1,,1.1.0,"reconstructed from archived public rate cards; list prices, not transactions; not the index"
2026-06-22,GIX-A100,withheld,,2,3,2,,1.5531,2.7900,lambda=2.790;runpod=1.553,min_providers: 2 of 3 required,,1.4900,,0,1.2900,1,1,,1.1.0,"reconstructed from archived public rate cards; list prices, not transactions; not the index"
2026-06-29,GIX-H100,withheld,,1,2,1,,3.3174,3.3174,runpod=3.317,min_providers: 1 of 3 required,,3.0900,,0,2.5900,1,1,,1.1.0,"reconstructed from archived public rate cards; list prices, not transactions; not the index"
2026-06-29,GIX-H200,withheld,,1,1,1,,4.6664,4.6664,runpod=4.666,min_providers: 1 of 3 required,,4.3900,,0,3.5900,1,1,,1.1.0,"reconstructed from archived public rate cards; list prices, not transactions; not the index"
2026-06-29,GIX-B200,withheld,,1,1,1,,6.2609,6.2609,runpod=6.261,min_providers: 1 of 3 required,,5.8900,,0,5.8900,1,1,,1.1.0,"reconstructed from archived public rate cards; list prices, not transactions; not the index"
2026-06-29,GIX-A100,withheld,,1,2,1,,1.5531,1.5531,runpod=1.553,min_providers: 1 of 3 required,,1.4400,,0,1.2900,1,1,,1.1.0,"reconstructed from archived public rate cards; list prices, not transactions; not the index"
2026-07-06,GIX-H100,published,3.5880,5,10,5,0.1661,3.1794,6.1550,coreweave=6.155;crusoe=3.588;lambda=3.990;nebius=3.542;runpod=3.179,,,3.9450,,0,2.3700,2,1,,1.1.0,"reconstructed from archived public rate cards; list prices, not transactions; not the index"
2026-07-06,GIX-H200,published,4.4032,4,4,4,0.1212,3.9468,6.3050,coreweave=6.305;crusoe=3.947;nebius=4.140;runpod=4.666,,,4.4450,,0,3.0200,2,1,,1.1.0,"reconstructed from archived public rate cards; list prices, not transactions; not the index"
2026-07-06,GIX-B200,published,6.5889,4,7,4,0.0381,6.2609,8.6000,coreweave=8.600;lambda=6.600;nebius=6.578;runpod=6.261,,,6.8900,,0,4.9200,2,1,,1.1.0,"reconstructed from archived public rate cards; list prices, not transactions; not the index"
2026-07-06,GIX-A100,published,2.5482,4,6,4,0.2365,1.5531,3.1196,coreweave=3.120;crusoe=2.306;lambda=2.790;runpod=1.553,,,2.1500,,0,1.2900,1,1,,1.1.0,"reconstructed from archived public rate cards; list prices, not transactions; not the index"
2026-07-13,GIX-H100,withheld,,1,3,1,,2.6574,2.6574,hyperstack=2.657,min_providers: 1 of 3 required,,2.6000,1.8200,1,2.0000,1,0,,1.1.0,"reconstructed from archived public rate cards; list prices, not transactions; not the index"
2026-07-13,GIX-H200,withheld,,1,1,1,,3.6708,3.6708,hyperstack=3.671,min_providers: 1 of 3 required,,3.9900,2.7900,1,,0,0,,1.1.0,"reconstructed from archived public rate cards; list prices, not transactions; not the index"
2026-07-13,GIX-B200,withheld,,1,1,1,,6.3778,6.3778,hyperstack=6.378,min_providers: 1 of 3 required,,6.0000,5.1000,1,,0,0,,1.1.0,"reconstructed from archived public rate cards; list prices, not transactions; not the index"
2026-07-13,GIX-A100,withheld,,1,3,1,,1.4350,1.4350,hyperstack=1.435,min_providers: 1 of 3 required,,1.4000,0.9800,1,1.0800,1,0,,1.1.0,"reconstructed from archived public rate cards; list prices, not transactions; not the index"
2026-07-20,GIX-H100,withheld,,2,6,2,,3.1188,3.9900,digitalocean=3.119;lambda=3.990,min_providers: 2 of 3 required,,4.0400,3.2600,1,,0,0,,1.1.0,"reconstructed from archived public rate cards; list prices, not transactions; not the index"
2026-07-20,GIX-H200,withheld,,1,1,1,,3.1648,3.1648,digitalocean=3.165,min_providers: 1 of 3 required,,3.4400,3.4000,1,,0,0,,1.1.0,"reconstructed from archived public rate cards; list prices, not transactions; not the index"
2026-07-20,GIX-B200,withheld,,1,4,1,,6.5998,6.5998,lambda=6.600,min_providers: 1 of 3 required,,6.8400,,0,,0,0,,1.1.0,"reconstructed from archived public rate cards; list prices, not transactions; not the index"
2026-07-20,GIX-A100,withheld,,1,1,1,,2.7900,2.7900,lambda=2.790,min_providers: 1 of 3 required,,2.7900,,0,,0,0,,1.1.0,"reconstructed from archived public rate cards; list prices, not transactions; not the index"
2026-07-27,GIX-H100,published,3.5420,5,12,5,0.1518,2.6574,3.9900,crusoe=3.588;hyperstack=2.657;lambda=3.990;nebius=3.542;runpod=3.179,,,3.5700,1.8200,1,2.1500,3,1,,1.1.0,"reconstructed from archived public rate cards; list prices, not transactions; not the index"
2026-07-27,GIX-H200,published,4.0434,4,4,4,0.0860,3.6708,4.6664,crusoe=3.947;hyperstack=3.671;nebius=4.140;runpod=4.666,,,4.3400,2.7900,1,3.0200,2,0,,1.1.0,"reconstructed from archived public rate cards; list prices, not transactions; not the index"
2026-07-27,GIX-B200,published,6.4779,4,7,4,0.0254,6.2609,6.5998,hyperstack=6.378;lambda=6.600;nebius=6.578;runpod=6.261,,,6.7900,5.1000,1,4.9650,2,1,,1.1.0,"reconstructed from archived public rate cards; list prices, not transactions; not the index"
2026-07-27,GIX-A100,published,1.9298,4,8,4,0.3348,1.4350,2.7900,crusoe=2.306;hyperstack=1.435;lambda=2.790;runpod=1.553,,,1.5450,0.9800,1,1.1850,2,1,,1.1.0,"reconstructed from archived public rate cards; list prices, not transactions; not the index"
2026-08-03,GIX-H100,published,3.5880,5,12,5,0.1688,2.6574,6.1550,coreweave=6.155;crusoe=3.588;hyperstack=2.657;lambda=3.990;runpod=3.179,,,3.5950,1.8200,1,2.2950,2,4,0.000000,1.1.0,"reconstructed from archived public rate cards; list prices, not transactions; not the index"
2026-08-03,GIX-H200,published,4.3066,4,4,4,0.1714,3.6708,6.3050,coreweave=6.305;crusoe=3.947;hyperstack=3.671;runpod=4.666,,,4.3400,2.7900,1,3.5900,1,3,0.000000,1.1.0,"reconstructed from archived public rate cards; list prices, not transactions; not the index"
2026-08-03,GIX-B200,published,6.4888,4,7,4,0.0387,6.2609,8.6000,coreweave=8.600;hyperstack=6.378;lambda=6.600;runpod=6.261,,,6.7900,5.1000,1,5.9800,1,3,0.000000,1.1.0,"reconstructed from archived public rate cards; list prices, not transactions; not the index"
2026-08-03,GIX-A100,published,2.3064,5,9,5,0.4843,1.4350,3.1196,coreweave=3.120;crusoe=2.306;hyperstack=1.435;lambda=2.790;runpod=1.553,,dispersion 0.484 above the live ceiling 0.45,1.6000,0.9800,1,1.1850,2,4,0.000000,1.1.0,"reconstructed from archived public rate cards; list prices, not transactions; not the index"
2026-08-10,GIX-H100,published,3.1794,3,10,3,0.2434,2.6574,3.9900,hyperstack=2.657;lambda=3.990;runpod=3.179,,,3.2450,1.8200,1,2.2950,2,3,0.000000,1.1.0,"reconstructed from archived public rate cards; list prices, not transactions; not the index"
2026-08-10,GIX-H200,withheld,,2,2,2,,3.6708,4.6664,hyperstack=3.671;runpod=4.666,min_providers: 2 of 3 required,,4.1900,2.7900,1,3.5900,1,2,,1.1.0,"reconstructed from archived public rate cards; list prices, not transactions; not the index"
2026-08-10,GIX-B200,published,6.3778,3,6,3,0.0272,6.2609,6.5998,hyperstack=6.378;lambda=6.600;runpod=6.261,,,6.7400,5.1000,1,5.9800,1,3,0.000000,1.1.0,"reconstructed from archived public rate cards; list prices, not transactions; not the index"
2026-08-10,GIX-A100,published,1.5531,3,6,3,0.1127,1.4350,2.7900,hyperstack=1.435;lambda=2.790;runpod=1.553,,,1.4450,0.9800,1,1.1850,2,3,0.000000,1.1.0,"reconstructed from archived public rate cards; list prices, not transactions; not the index"
2026-08-17,GIX-H100,published,3.7660,4,9,4,0.1324,3.3174,5.4740,lambda=3.990;nebius=3.542;paperspace=5.474;runpod=3.317,,,3.9900,2.2400,1,2.3700,2,2,,1.1.0,"reconstructed from archived public rate cards; list prices, not transactions; not the index"
2026-08-17,GIX-H200,withheld,,2,2,2,,4.1400,4.8790,nebius=4.140;runpod=4.879,min_providers: 2 of 3 required,,4.5450,,0,3.0200,2,1,,1.1.0,"reconstructed from archived public rate cards; list prices, not transactions; not the index"
2026-08-17,GIX-B200,published,6.5998,3,6,3,0.0049,6.5780,7.2176,lambda=6.600;nebius=6.578;runpod=7.218,,,6.8400,,0,4.9650,2,2,,1.1.0,"reconstructed from archived public rate cards; list prices, not transactions; not the index"
2026-08-17,GIX-A100,withheld,,2,3,2,,1.5991,2.7900,lambda=2.790;runpod=1.599,min_providers: 2 of 3 required,,1.5900,1.1500,1,1.2900,1,2,,1.1.0,"reconstructed from archived public rate cards; list prices, not transactions; not the index"
2026-08-24,GIX-H100,published,3.5880,5,12,5,0.1661,2.6574,4.0572,crusoe=3.588;digitalocean=4.057;hyperstack=2.657;lambda=3.990;runpod=3.317,,,3.5950,2.5400,2,2.2950,2,2,,1.1.0,"reconstructed from archived public rate cards; list prices, not transactions; not the index"
2026-08-24,GIX-H200,published,4.0296,4,4,4,0.0812,3.6708,4.8790,crusoe=3.947;digitalocean=4.112;hyperstack=3.671;runpod=4.879,,,4.3800,3.0950,2,3.5900,1,1,,1.1.0,"reconstructed from archived public rate cards; list prices, not transactions; not the index"
2026-08-24,GIX-B200,published,6.5998,3,6,3,0.0499,6.3778,7.2176,hyperstack=6.378;lambda=6.600;runpod=7.218,,,6.7900,5.1000,1,5.9800,1,2,,1.1.0,"reconstructed from archived public rate cards; list prices, not transactions; not the index"
2026-08-24,GIX-A100,published,1.9528,4,8,4,0.3308,1.4350,2.7900,crusoe=2.306;hyperstack=1.435;lambda=2.790;runpod=1.599,,,1.5950,0.9800,1,1.1850,2,2,,1.1.0,"reconstructed from archived public rate cards; list prices, not transactions; not the index"
2026-08-31,GIX-H100,published,3.5650,6,13,6,0.1399,2.6574,6.1550,coreweave=6.155;crusoe=3.588;hyperstack=2.657;lambda=3.990;nebius=3.542;runpod=3.317,,,3.8500,1.8200,1,2.1500,3,4,0.000000,1.1.0,"reconstructed from archived public rate cards; list prices, not transactions; not the index"
2026-08-31,GIX-H200,published,4.1400,5,5,5,0.1680,3.6708,6.3050,coreweave=6.305;crusoe=3.947;hyperstack=3.671;nebius=4.140;runpod=4.879,,,4.5000,2.7900,1,3.0200,2,3,0.000000,1.1.0,"reconstructed from archived public rate cards; list prices, not transactions; not the index"
2026-08-31,GIX-B200,published,6.5998,5,8,5,0.0499,6.3778,8.6000,coreweave=8.600;hyperstack=6.378;lambda=6.600;nebius=6.578;runpod=7.218,,,6.8400,5.1000,1,4.9650,2,3,0.000000,1.1.0,"reconstructed from archived public rate cards; list prices, not transactions; not the index"
2026-08-31,GIX-A100,published,2.3064,5,9,5,0.4547,1.4350,3.1196,coreweave=3.120;crusoe=2.306;hyperstack=1.435;lambda=2.790;runpod=1.599,,dispersion 0.455 above the live ceiling 0.45,1.6000,0.9800,1,1.1850,2,4,0.000000,1.1.0,"reconstructed from archived public rate cards; list prices, not transactions; not the index"
2026-09-07,GIX-H100,published,3.4757,4,11,4,0.1238,2.6574,3.9900,hyperstack=2.657;lambda=3.990;nebius=3.542;runpod=3.409,,,3.4900,1.8200,1,2.1500,3,4,0.000000,1.1.0,"reconstructed from archived public rate cards; list prices, not transactions; not the index"
2026-09-07,GIX-H200,published,4.1400,3,3,3,0.1680,3.6708,4.8790,hyperstack=3.671;nebius=4.140;runpod=4.879,,,4.5000,2.7900,1,3.0200,2,3,0.000000,1.1.0,"reconstructed from archived public rate cards; list prices, not transactions; not the index"
2026-09-07,GIX-B200,published,6.5889,4,7,4,0.0250,6.3778,7.2176,hyperstack=6.378;lambda=6.600;nebius=6.578;runpod=7.218,,,6.7900,5.1000,1,4.9650,2,4,0.000000,1.1.0,"reconstructed from archived public rate cards; list prices, not transactions; not the index"
2026-09-07,GIX-A100,published,1.7239,3,6,3,0.2485,1.4350,2.7900,hyperstack=1.435;lambda=2.790;runpod=1.724,,,1.5900,0.9800,1,1.1850,2,3,0.000000,1.1.0,"reconstructed from archived public rate cards; list prices, not transactions; not the index"
2026-09-14,GIX-H100,published,3.5650,6,13,6,0.1207,2.6574,4.0572,crusoe=3.588;digitalocean=4.057;hyperstack=2.657;lambda=3.990;nebius=3.542;runpod=3.409,,,3.8500,2.5400,2,2.1500,3,4,0.000000,1.1.0,"reconstructed from archived public rate cards; list prices, not transactions; not the index"
2026-09-14,GIX-H200,published,4.1124,5,5,5,0.0597,3.6708,4.8790,crusoe=3.947;digitalocean=4.112;hyperstack=3.671;nebius=4.140;runpod=4.879,,,4.4700,3.0950,2,3.0200,2,3,0.000000,1.1.0,"reconstructed from archived public rate cards; list prices, not transactions; not the index"
2026-09-14,GIX-B200,published,6.5889,4,7,4,0.0250,6.3778,7.2176,hyperstack=6.378;lambda=6.600;nebius=6.578;runpod=7.218,,,6.7900,5.1000,1,4.9650,2,4,0.000000,1.1.0,"reconstructed from archived public rate cards; list prices, not transactions; not the index"
2026-09-14,GIX-A100,published,2.0152,4,8,4,0.3206,1.4350,2.7900,crusoe=2.306;hyperstack=1.435;lambda=2.790;runpod=1.724,,,1.5950,0.9800,1,1.1850,2,3,0.000000,1.1.0,"reconstructed from archived public rate cards; list prices, not transactions; not the index"
2026-09-21,GIX-H100,published,3.5880,7,14,7,0.1661,2.6574,5.4740,crusoe=3.588;digitalocean=4.057;hyperstack=2.657;lambda=3.990;nebius=3.542;paperspace=5.474;runpod=3.409,,,3.8750,2.2400,3,2.1500,3,6,0.000000,1.1.0,"reconstructed from archived public rate cards; list prices, not transactions; not the index"
2026-09-21,GIX-H200,published,4.1124,5,5,5,0.0597,3.6708,4.8790,crusoe=3.947;digitalocean=4.112;hyperstack=3.671;nebius=4.140;runpod=4.879,,,4.4700,3.0950,2,3.0200,2,5,0.000000,1.1.0,"reconstructed from archived public rate cards; list prices, not transactions; not the index"
2026-09-21,GIX-B200,published,6.5889,4,7,4,0.0250,6.3778,7.2176,hyperstack=6.378;lambda=6.600;nebius=6.578;runpod=7.218,,,6.7900,5.1000,1,4.9650,2,4,0.000000,1.1.0,"reconstructed from archived public rate cards; list prices, not transactions; not the index"
2026-09-21,GIX-A100,published,2.0152,4,8,4,0.3206,1.4350,2.7900,crusoe=2.306;hyperstack=1.435;lambda=2.790;runpod=1.724,,,1.5950,1.0650,2,1.1850,2,4,0.000000,1.1.0,"reconstructed from archived public rate cards; list prices, not transactions; not the index"
2026-09-28,GIX-H100,published,3.4987,4,11,4,0.1230,2.6574,3.9900,crusoe=3.588;hyperstack=2.657;lambda=3.990;runpod=3.409,,,3.4900,1.8200,1,2.2950,2,4,0.000000,1.1.0,"reconstructed from archived public rate cards; list prices, not transactions; not the index"
2026-09-28,GIX-H200,published,3.9468,3,3,3,0.1037,3.6708,4.8790,crusoe=3.947;hyperstack=3.671;runpod=4.879,,,4.2900,2.7900,1,3.5900,1,3,0.000000,1.1.0,"reconstructed from archived public rate cards; list prices, not transactions; not the index"
2026-09-28,GIX-B200,published,6.5998,3,6,3,0.0499,6.3778,7.2176,hyperstack=6.378;lambda=6.600;runpod=7.218,,,6.7900,5.1000,1,5.9800,1,3,0.000000,1.1.0,"reconstructed from archived public rate cards; list prices, not transactions; not the index"
2026-09-28,GIX-A100,published,2.0152,4,8,4,0.3206,1.4350,2.7900,crusoe=2.306;hyperstack=1.435;lambda=2.790;runpod=1.724,,,1.5950,0.9800,1,1.1850,2,4,0.000000,1.1.0,"reconstructed from archived public rate cards; list prices, not transactions; not the index"
